id_usuario,id_regiao,saldo,limite_PIX,limite_TED,limite_DOC,limite_Boleto
28f748e9-6a40-48fe-ab04-d92ee9b184e5,RR,12445.83,323.4,397.23,1548.42,20022.08
7363d857-c70a-4aba-8701-bf3ef9949c18,MT,4806.83,6308.55,7855.64,5122.77,5090.66
599fb781-99a3-44c4-b794-4a7a95a06b2c,AC,1637.83,1699.28,1778.99,753.77,9227.71
318efeff-bfae-4429-9247-fcfae6fb3d90,AP,1591.76,11698.18,4933.68,3233.6,763.39
54cbf894-f4be-43cd-b794-7cac08c27cdf,PB,6127.89,116.95,8980.96,1666.82,1971.81
322ea2fa-5712-412d-91f2-f0a185f27039,RO,7166.21,13927.05,2068.01,10635.7,4314.82
5ad33868-e13b-4275-ac1e-4e567a440248,SE,4914.52,8886.38,2975.28,8604.55,12795.33
d41005a9-c597-4b03-9d7d-e16265c6d7ac,AL,3260.94,7628.59,2678.75,314.12,7140.53
e00339ce-d3e1-4b1d-8f53-821d12af5694,SP,196.74,2513.61,4312.55,2005.62,5169.22
7c5d204d-3353-4ce4-bd84-3afbe07b16d3,CE,6164.35,6653.87,9810.67,7534.12,6813.9
52dedd43-d801-4392-b9c1-ab3c853d99e6,TO,921.32,5397.84,3784.51,1358.86,1362.03
a8099508-abef-4133-bf1d-7ae0c037bb04,GO,9770.03,9586.6,14607.45,2238.73,1777.5
067cc10e-1dd3-45c0-b5c7-47dec87cd6d3,AP,5615.12,10870.88,726.47,4624.31,19935.96
03e396b6-3406-4a92-a480-860da7273b1a,PI,2520.75,6123.75,15638.05,672.38,1372.89
69e83844-0c41-4c5a-b38e-117f1e9ae07e,GO,14280.53,9092.65,1942.3,10854.34,5946.08
31cadd45-73d5-46c7-af02-242a7297c531,RN,4602.58,3791.04,8045.68,1715.99,2107.78
707dd4d8-6ae9-4ae8-8137-92ffd9e97a8d,AM,7114.07,7090.22,2814.77,225.85,13974.93
56d45fe3-cb80-4b1e-af4b-66345afb76ce,SP,125.36,10215.38,1665.5,3190.67,4248.46
505e2f18-9caf-4a8f-b0bb-ace2b8d8535b,RN,9605.0,205.11,2085.1,1474.73,5598.0
3e8c642b-d1ae-4e4c-a2f0-5efcdc757650,GO,279.6,4145.38,4188.59,2581.13,7317.03
0bb2e81f-0448-4bc7-adc0-7191c510c3ae,PA,6716.23,7703.17,1254.49,7621.19,4108.48
cb3661fa-1218-4d16-a33d-4e81a84d0210,MG,8067.54,10817.95,2360.48,260.43,3332.29
22c29557-ee11-4966-93cc-df51b9ac0966,MG,2325.17,2456.29,2709.03,12048.14,17639.33
f6d18a89-06d4-491d-9138-ad522747395d,AC,3499.53,1611.44,17416.8,311.27,4244.43
e7c50042-0d9a-4cc0-8c59-67539469505f,MG,6727.4,4741.84,9515.26,3715.56,1949.3
45806644-ac61-49fb-9cba-c843aeb432ab,SC,2116.26,3145.86,4686.14,3074.23,5009.85
07bcaa56-6b46-4f95-86f9-4984d793dee3,MS,13744.47,6820.74,5204.22,5565.19,2374.57
10718678-dad1-4b5e-8ba7-ac1955b365fe,AP,2768.61,7398.59,2410.26,3374.98,5312.48
fdf0fbd2-eb67-411a-abd3-9603f38ae0f6,DF,1444.16,4425.99,282.31,391.95,6766.59
2da170dd-1c9f-4ffc-89c4-7160231ad791,MS,10960.94,332.83,6271.96,3243.91,576.65
994bfdd6-6486-402d-85f9-8861025838f5,PB,335.13,12271.33,8720.04,1485.16,3850.59
38012302-e3df-4cb0-ad11-1969cf3b1b03,AL,4339.21,1360.63,2105.21,3656.67,902.36
b70a6cdd-606b-4a9f-8289-e1fb385c279e,SP,1754.16,3602.69,2502.35,358.21,1912.58
c3e30748-9d4d-4040-b434-4c1ca198eda4,SE,264.98,9720.54,6768.56,5163.21,2078.23
f5079a04-a4fe-4a09-8554-032b92d9f4ee,RS,3637.51,567.48,1936.8,6172.55,3665.68
bf4cc052-30db-4e67-9aeb-f2419b099d79,MA,15457.83,7432.42,14457.25,3996.88,656.26
e933210c-20bb-4470-86ba-c6a9d6e32d87,BA,493.14,2565.81,9083.0,1527.89,10798.28
2512660a-4dde-4abb-8067-02a7c367c187,RJ,7850.72,381.07,238.41,5835.54,3382.62
5cca52b3-ff70-4752-8831-7a085bb4c3a2,MG,6132.37,520.49,6269.7,4800.21,1732.23
edaf38e0-748a-4cf5-a0e6-80d1bebfb2de,MS,3907.75,7527.28,2788.45,1431.19,3492.77
eb11983d-48ce-4166-a71c-7e146aca5ed9,MA,8215.46,9165.7,23005.35,109.47,935.88
9d12d6d4-67e2-4b8d-a18d-a1ab34f3c76a,MG,762.82,8790.47,2849.99,250.99,487.85
4614134f-e35b-47d0-a646-7bafbf5b6b24,AC,3814.94,5702.78,1383.81,7187.64,2652.14
f6b7cfc4-adcc-4097-9f88-6550e1e0fad3,BA,2369.26,2336.38,2261.82,1784.48,10394.1
8ecd0741-ad87-4772-be4e-5d8662cd0b13,RR,14816.47,2928.22,826.76,6179.51,3378.01
275b4265-97fc-4765-bd19-4811622285bb,RO,402.99,8818.1,5944.39,6251.96,9321.05
2985ba12-22f5-4a90-98e4-8956c738a11d,SC,683.88,140.47,3943.15,3894.12,4495.9
d7017160-b5aa-4c01-8175-2f71926f58e9,SC,14347.66,573.96,7530.7,1176.42,9527.36
af2d5072-265f-47f1-9601-3c5125583e0e,AP,2367.83,628.04,12819.75,5234.45,1087.52
ef30392e-b4a1-4407-a98c-4c698b550324,RN,677.73,9316.7,1930.39,607.93,9321.99
c54b6ae4-e0fc-48c3-833e-c9689a168f64,AP,50.21,8401.18,8015.55,1180.2,6629.82
66fa97d4-a1a3-4947-93ab-9d6f053717b1,PE,13140.78,18389.07,4653.61,2087.56,10397.5
c3205edf-cb5d-4428-a644-eb54c51f9778,BA,14930.09,4962.75,6503.75,1818.81,5002.72
60d60df9-9c0e-443c-b1a6-bf40522336f9,RN,1274.68,9991.27,155.66,1918.75,19799.35
c544d92e-b5e8-4832-88c8-0115da623078,PB,3271.07,6772.47,4247.9,15300.49,1165.44
9778d7fc-61ed-4d00-8e22-de5403592a6f,PI,11108.37,329.37,6256.11,2825.07,7377.46
0cc3fb5a-0e49-4cc5-a745-9834365cf967,MG,8035.34,949.9,7259.54,2332.61,6223.45
977533d0-8d86-4918-8477-2bfcadb78eb1,AP,770.87,3653.54,8861.68,499.39,3558.83
2ddd66db-5d1a-40f0-ac32-fe7762d458b4,RR,12926.67,297.46,3985.01,1013.52,12664.55
985330f8-c400-4370-82ef-03ec511620d0,PR,1269.88,9044.57,3357.35,1022.14,8439.52
cd205d6f-faa0-4474-b388-52cc03ca66e5,ES,3618.85,18272.39,2713.71,6428.81,2538.53
c3266d79-f0d7-47b1-a9f0-cfe479829d92,GO,4652.52,1555.98,2979.38,6607.47,4622.26
0fad6698-14c7-4744-9a0e-49a4a1ece46a,RS,1680.3,3856.99,4250.75,5659.11,2780.96
c816d7ba-568c-41be-9114-4ada6bf6e2cd,AL,13911.57,383.63,5792.66,19066.47,7057.46
1087ff4a-105b-48dd-b051-54afbcb74541,ES,4129.15,674.04,5131.06,448.19,4050.09
3bb452ef-35d0-4a84-a27c-b0dd93ff50c0,RO,2206.01,13035.61,8191.45,10415.58,156.43
f276b6f5-aeab-45b9-8e51-4238f333116b,AC,2539.02,6005.15,2534.72,974.43,3602.67
c48af0b4-45fb-49a4-96e4-f588810b4a5e,SC,5110.19,760.17,7194.56,3811.11,1474.73
a7293102-e8af-4fac-bae5-09b3a7eee996,CE,802.48,3984.65,1179.31,2974.18,3511.0
1cc4bd48-e126-47d8-825d-90c35a885013,PI,357.19,5168.33,4798.93,1590.12,4691.17
a47aa910-d951-41e1-b825-7682ceeabd2f,CE,10696.15,3561.67,5359.34,1827.48,2169.0
031346f0-ecb1-4677-8d2b-170c539669c5,RN,3272.85,3552.04,11611.83,3956.72,2210.34
ab05a856-aecb-47ec-8b62-6522824e83d1,MT,14549.45,5252.78,2179.77,8400.23,290.5
3f4fff0b-9f28-4dd6-a275-9935bca164d9,GO,1200.04,3909.4,1121.68,21993.5,802.98
1d0a9674-16e4-4c0d-a097-a12c82ede47e,RN,2318.08,2534.24,1102.37,14814.87,3164.86
24259340-7961-44c2-a72b-b868328d10d5,MS,2605.44,5090.48,2414.27,540.33,256.74
fcd6406a-6c09-4fb6-9fdd-de024d3b42cb,RS,10054.28,5599.57,4618.4,1082.0,10463.73
01c013df-ec17-4dc3-9b6f-fe986ed863d8,RJ,46.54,929.14,5708.22,809.03,1039.59
23a50ae8-ab0e-48c3-b052-6148698e83cc,SE,3021.12,3944.05,3614.61,3364.95,8391.27
0e11ffbf-2a62-4d63-a430-fdad7ebb2dc0,SP,1840.4,7227.47,9380.87,2584.57,2561.37
04b397a6-d6e7-439c-8ca1-eea509902837,SP,3449.2,1522.87,5830.85,22896.55,2324.72
63b0755b-8695-40eb-a486-2aa83fa8546d,PB,5444.97,4254.32,367.01,6940.75,2780.11
2f77dc26-c5ae-4674-9e10-828260651fc1,AP,28004.86,10345.89,5820.52,13860.09,7862.18
8425653a-489e-4516-8435-2c656e9ab45d,MA,1286.55,600.87,5781.07,3575.72,1815.13
d4b0645f-cdb9-4779-bb30-863b756d489d,MT,6983.72,5128.58,8261.44,2134.26,2957.84
41511a11-3670-4261-887c-47f4d5b3a5f6,CE,2543.57,2571.99,248.61,3129.13,384.91
88479258-95f6-4c8c-bf8e-2521ae2d07ad,PE,2532.1,388.73,3402.34,6660.98,3406.22
7d992431-7e07-4208-84b3-811c1751c98e,TO,26.33,1295.87,19705.92,2896.6,2491.72
f2686522-d8ea-41d9-95c3-6061ceb064de,MA,2875.86,9466.78,7212.59,3735.55,1039.79
73246176-ae3a-4f2d-9fc7-6573e4f4a4bb,DF,367.81,4669.64,4484.11,18611.14,329.91
c6a711ea-5fca-42dc-9ffb-9dc17d1e6aa4,CE,9861.26,9963.67,9625.07,3843.89,7452.61
ba6c0e5c-c6f8-465b-a58a-3579807cbe97,PA,1408.59,822.63,4453.27,1585.35,4051.82
d8b93d7c-68f4-4d97-9953-b400238a7362,PI,1167.54,3555.8,2985.83,375.78,1177.2
4e20be79-6b5d-40a8-a572-c8362569c08b,RN,6573.09,4217.83,2686.75,20989.99,12478.68
adb679e3-4e58-40ed-9e29-857dff439595,SP,3985.55,1742.79,839.78,2222.52,4164.41
aecee028-4f33-4525-b442-b18e35064506,BA,12262.83,9995.93,10042.92,16822.67,2222.98
a8485fa5-f143-4636-bd10-1d52d452d66a,MG,245.47,6157.91,5270.83,2103.02,7536.32
2e239572-be52-4544-ba4c-9a94194dea31,AP,27481.05,2599.07,2186.97,4338.35,4935.4
1dfa3833-82c6-495f-9f17-460c80975195,RR,12368.77,348.42,6567.41,665.72,9664.93
57059411-e3fc-4294-8777-05bcbd0a54d7,PI,2378.33,6396.93,10382.0,1648.67,2204.59
6b816b4c-04c4-4504-88b6-d79a821abdf2,PR,4310.42,5805.42,7888.9,15623.97,1402.19
a9d838f6-30bb-48f7-9739-a1259adb5d28,CE,558.22,5872.07,7591.11,1385.95,3259.44
ac705a0f-942a-4bf3-af61-fbcafb31b40b,RR,5702.18,2557.52,5787.06,13836.15,1493.89
46575e64-ddee-44f9-aee1-6a88f282e92a,PA,5116.69,1144.15,4240.53,407.42,7490.16
83a01e6a-4fd6-4bbc-b381-e02580694901,RN,8563.63,5488.63,4589.7,177.92,1220.13
fc446e33-4585-44b2-a4fd-6cf4fc09c2f3,MG,7397.18,650.02,6935.29,178.28,5710.7
5987e884-c26b-4a50-98ca-4c70910de600,SE,5681.21,636.26,2284.63,460.96,4904.53
a18c7350-ff5b-43aa-88b6-f179f7473d0e,MT,7328.73,2259.89,5604.45,3078.44,3836.37
f86dcaef-f2b5-4024-bad8-25e88af4cf44,PR,3921.09,11463.3,2743.56,5784.85,1397.33
586c39ec-75c0-49b3-bf9d-94723eb4706f,AL,4748.35,520.2,838.69,20333.56,3371.33
acd25dc5-7eee-4119-bd7a-c60fd6b69249,CE,12942.97,581.42,5951.8,162.09,1193.24
5278ce2f-1366-416e-b9b6-5117a7d634e8,PB,1357.55,1304.97,10564.15,4635.83,1808.71
b27b5846-713d-4b36-9b2a-162807494bf6,CE,1582.7,1044.26,828.72,4005.94,4878.23
251a04b2-0dda-4813-b4d7-67113d077bec,RJ,269.25,5822.33,884.12,2082.9,1730.16
26630cf9-c87e-4adb-85f8-de07f2e6c554,PR,3478.83,10203.67,8681.23,15975.71,509.13
e6e37d12-34e8-4641-8594-73f9cdb9c3e4,DF,1409.35,10104.01,936.35,3362.14,1596.27
809ec06a-8148-49d8-99f0-5cadcf65e6f1,PI,13039.28,1857.64,371.64,1959.12,9318.69
ad2b096b-0e50-4a7d-9f34-bc7ad3d7d5ec,RO,3046.49,2476.67,1589.76,1399.28,10824.54
d8307d6e-3dea-4fa1-86f2-9a6c2a8e97ca,MA,3340.62,1782.97,2865.17,4241.59,5019.87
a04f6a5d-9740-4792-8b63-47c0568c40c4,GO,131.96,10455.73,3815.46,137.97,2345.4
f1b0c42d-8015-4c3d-8549-c2ac732fa6b8,DF,4403.17,4099.94,3921.42,453.94,3310.82
467ea382-6084-4071-a8f2-16745e59d90a,SE,1806.77,3212.48,8219.05,2821.59,12016.25
5ffd5d9b-3fb8-4cbe-a9b5-47c3de5c4e0c,AC,24859.49,921.16,820.4,1733.51,4026.69
7229b616-a88e-4870-937a-9c3fb8218ce0,AL,9392.63,4084.36,359.2,9388.38,14160.57
d2d06d2a-e93a-4795-bbba-317cf3b84f88,DF,219.7,2325.7,3102.08,6695.25,6710.38
e0af408d-f66d-492a-90e1-c4f6925db64b,PE,423.87,103.15,1123.3,1648.86,3191.79
d9079f5a-9432-45a5-b265-6d77bc586224,AP,2962.03,1526.06,3853.24,3711.96,1770.9
49a30fd2-296d-40d7-be16-c35d80884ba7,TO,5154.28,2813.31,6457.18,1811.02,4816.82
677da731-e1f4-4e79-85ce-edf55b99774c,RS,2295.82,509.3,2617.03,2808.42,1465.82
b315bfa8-6b3c-49be-bb19-2fc82fe8ec98,SC,2825.11,3943.26,5563.31,698.81,2716.15
123a69ad-9405-41b5-b524-9d2fd48ee6d2,CE,6859.36,5276.23,6481.52,362.38,6986.83
de5a7627-f801-43d0-b453-893be147fac3,MA,16941.52,3318.27,174.22,17983.93,9073.64
7685836d-4142-4ba7-a123-5a594d1b957f,GO,7101.18,258.77,3296.89,9046.41,12606.72
165a4589-72ca-46c3-a0c3-d4534eb1feba,RR,8911.97,5260.4,7653.65,5492.81,3047.29
3f832362-17ab-40fc-852b-40ed75ed3173,SP,1871.28,905.63,507.57,17356.48,3652.62
36506259-12f1-428e-88c0-a2de0bc5dead,RJ,1229.65,514.81,4187.03,9225.61,2211.3
cd2c7851-ae0f-4405-8341-165f8ecc138c,RJ,5580.56,5977.06,1406.17,6624.3,2600.46
113a1b56-e735-4e7e-9408-410abd3d1bdd,DF,13219.47,4921.29,2747.06,6064.04,4733.64
fb5c2ffc-f3ee-4b89-8166-a894b263f50d,PB,1885.44,1126.33,369.26,7906.23,4507.88
dc64101f-578e-470f-945b-02f0206b7281,PA,3592.34,1874.57,5186.23,445.67,3848.33
06bc1b32-82fc-44e8-8897-6cb79b45b7fc,BA,9872.63,1273.18,9075.23,5589.18,2633.32
77a267f5-3ed4-4c2b-bb31-8a071413ad3c,RO,644.28,1637.97,1682.03,3383.41,390.8
a53ccede-241d-4067-a8d0-87c7e6381cec,PI,4498.43,1337.21,797.31,5355.51,166.52
eb028f44-da96-4856-80bf-7988aa0e1010,PE,1794.74,150.07,2453.87,729.08,9944.67
07f66923-1fa8-4b41-97a9-6c2ef76cf2bc,RS,5152.88,5667.82,21321.34,369.05,2359.37
6f76e5e0-d903-438b-93f4-a84434cfe969,AP,4755.24,604.78,4656.54,2273.3,4077.54
727b534c-f023-4169-975f-c336ae2bd87a,AM,7338.89,5636.82,332.76,5148.77,9547.77
27d52e4a-cc0d-4dcc-8dfd-36a20916126b,MT,5742.61,875.56,11856.84,5054.65,1378.4
d3dcf99b-6682-4e9e-be86-05152c92994b,DF,1146.67,2150.38,510.6,3692.43,2384.27
df77aaa0-f215-43a1-88eb-eee8ed4de0e3,SP,6255.78,3076.93,8000.76,290.36,2724.98
3e3ae2a3-0b16-4057-ab57-16a3a2e4b15c,PI,6658.73,3017.14,5504.5,1593.4,452.43
c6e2164c-e89a-42fb-85ff-437576203b67,RR,1512.18,3158.95,2322.33,5592.48,1061.56
0ed14b79-bae0-4a14-9493-3c767099dd10,PA,2621.22,3321.67,2116.49,4982.16,2522.54
6d8917ea-ca03-4deb-a1b5-699d3e132d24,AL,5758.3,8491.08,4195.45,3170.74,2147.58
48b2928f-622b-414f-8b77-c22edf4962d9,PI,8139.82,421.04,6021.44,6365.96,9820.96
08795709-e2a0-4107-88cc-82e93b948355,MA,4182.13,9987.71,8492.14,7104.6,8443.16
7e232426-a423-4400-a740-2fcf48290a18,DF,11918.08,5662.12,8244.39,4016.4,6594.84
32ff2500-2bf7-47a5-b065-abdc4211141d,SC,2903.07,363.69,5983.68,6670.55,8493.31
116e3c62-7292-4b88-a4a8-2e4f8f151b93,AM,910.07,1016.75,8353.26,7823.61,2709.41
a78a0928-cb43-4d61-ae75-afacc44167d8,DF,3643.4,3500.98,21769.51,4960.86,2928.42
6b10c4e7-8a06-4b84-8945-8188c297cead,DF,4271.58,14642.36,2538.08,15846.18,434.9
d631fba5-6490-4ddf-b618-70b656a1af6c,RR,7039.19,9234.64,2379.28,1009.09,5312.58
dfe30681-9b0b-46aa-8abb-304a3f09a312,PB,2105.85,8752.79,1155.12,3357.22,1078.25
32a6ecbd-512f-402b-b0b4-87332adf2563,AP,2821.84,2386.32,3484.24,8746.58,3465.62
b40c3334-978e-45be-bb22-ce65af553ae4,DF,8229.54,13621.04,381.99,17638.16,7771.69
93b30b67-02c3-40d8-91ec-9777c325e1de,BA,3195.98,13136.34,3337.61,10811.96,4364.83
32dfa585-450d-4895-98b2-f49a62445ae8,PA,6097.29,1203.14,2369.93,1711.51,3678.67
50e044aa-ace0-44df-9b22-c671f9f88e80,RN,8082.32,3850.16,4391.35,2477.38,4984.36
9c581a89-eb46-4347-ab28-1ee6637c9024,AM,1297.54,7189.25,1744.84,1403.84,892.35
3d13cec3-51f0-441f-bbd9-3797c7b83942,MT,2586.76,1162.82,5099.85,846.42,9809.81
7a15bde3-a2d4-47f0-a50a-266b364aec07,DF,8373.57,3613.87,6723.46,6480.0,3320.74
220e94ef-790a-434a-8169-147768ccd2e4,AM,2917.77,12800.37,5396.44,5693.12,4417.58
a1a58a70-248a-4e0f-8c31-7d82c5e9af64,RS,5472.62,4330.47,5394.1,2273.54,5625.48
d1564af0-0ae3-46c6-a078-65a662baf85b,MS,8520.69,4112.6,1018.55,2243.88,3339.4
1fda2aa7-393f-4f53-af88-5efbec34b1d4,AP,5758.48,5753.58,5567.79,4278.37,1055.62
c033a2fe-967f-43ea-97f6-9ffb039c6619,TO,21786.18,2380.29,12588.67,1974.33,437.96
362c4895-25ea-4f7c-9f67-ef10cfe7bcf2,RS,2098.04,1324.0,9400.89,2730.83,351.45
c0a73a99-1233-43f3-8feb-0a168a531ea2,AL,313.8,2281.15,8793.24,1908.93,4320.31
787bf392-e7dc-4c27-a76a-0d667d85251a,AM,11309.06,11862.04,395.82,4065.21,703.09
645d0ece-196a-42a1-9c24-4ede863a10e5,PE,5947.49,11394.62,3170.25,13396.79,7239.21
ed6b0f36-25e8-40fc-a25e-b27affda5d0b,AP,2354.26,10093.14,3719.94,5049.73,263.76
6b3dd194-a815-4138-8549-772afff8213d,RN,812.78,4779.83,1126.0,5977.91,3232.6
d0fadf56-9d1c-43a7-ab18-81a0fdca0540,GO,4644.7,2166.23,18397.13,1466.85,202.61
9bfae393-efdf-4b22-bd11-e64806d625b8,PB,3636.01,7062.89,5170.15,3717.49,5103.7
f66fd6ec-7422-4973-ad2b-696abbaa47b1,GO,5315.16,3404.49,7984.14,6591.29,1536.63
b4b4db3c-65af-4a1d-9d8e-ca45ff661161,AC,7310.35,592.49,3386.23,5986.07,4455.76
0f61de2e-ee76-4df8-88c8-a47009557f0e,SC,6048.0,212.92,2494.36,4178.37,14566.01
f7a481d3-fe9f-472a-b478-aad375b68f11,MA,4998.18,689.2,1147.72,6391.93,8418.13
bdd96031-42d4-4df7-aff5-0389d95ba0e7,SP,2071.55,1582.33,5681.57,4025.31,5374.74
b3a41f10-febb-4f92-8b57-129aaf98f920,SE,3566.59,22933.15,2452.7,9044.35,13946.23
633592ee-7f35-4b62-b6f2-cf8b06b76b44,ES,3652.5,3874.94,1093.0,11845.87,1879.46
ff729148-e915-45ea-b7ce-e0fd9eed550a,GO,804.58,584.45,1736.26,3036.16,6441.49
09c9c56f-3394-4e1e-97d6-b43673dabbe6,PA,32832.18,7204.78,3699.75,2714.8,6438.36
1c37cc6d-de8c-494f-818f-3664f577ea16,SC,1899.25,901.59,7730.53,1292.37,1469.54
8cff0e55-442a-466c-a252-6adfbce5582d,SC,1177.04,1662.91,6698.71,530.96,2064.49
b48c4339-eef2-45a6-97ed-ff610ede1ec1,SC,18120.86,4488.4,1401.68,2570.73,407.47
9e695fb8-f86f-4a6d-bc2f-2342e2f2de18,BA,3937.05,6549.54,6372.35,671.59,4792.61
84be3793-01ae-40df-8fad-b26065e82376,BA,11601.51,3470.84,3636.56,1822.68,3221.49
720e8608-dfbe-4baa-9a3f-275405613dcf,SP,1711.92,10490.35,8866.52,1050.86,2260.02
eceeb3f7-c3b3-4510-bccf-6b3decb2eb84,RS,57.85,13009.21,1665.82,3665.67,6920.13
1f0a63dc-3dfd-4710-9fa3-a6fd70e8d9c7,MG,25986.71,16886.09,1742.33,3195.76,3061.27
716e3628-26a1-408a-b30b-2e0f58b8e76f,RN,7443.59,3255.77,957.29,1276.75,1931.96
91c94e1b-5400-4cb2-8623-384f92cf5149,MA,90.37,8389.89,1907.18,201.82,10649.6
5756dea8-691d-47ab-ba4d-452d512fedf7,MT,998.37,2070.04,13434.77,3422.12,17305.49
b93f8cd8-9805-434d-bd84-f8032c1bf0d7,ES,8900.38,11552.25,17360.48,4377.81,9032.86
0c026674-d2da-4adc-99af-97f05913f9b2,MT,1394.88,2766.89,3364.96,20488.57,2290.63
71503baa-a0a4-4adb-9b4b-a263649a8c4c,ES,286.67,1882.88,12007.95,2057.6,193.43
7e32a2c9-52ca-4f78-abad-d624f3f9da0f,MG,1252.53,2979.42,4611.3,5809.1,3067.96
240fa482-94f1-4cce-b5e3-219c84913688,ES,11613.28,3925.44,5833.05,821.31,6683.28
4a39849b-ffbe-405c-bae6-b1e4b652c7b2,BA,2775.85,9878.71,1903.39,10264.68,11514.52
4f68408e-873b-4f80-bec7-38ca4d92de2e,RS,20821.91,3206.63,3495.53,1441.22,19392.94
843711a3-e632-43ec-b8f6-af49f678a559,AC,4409.08,4440.75,1673.73,2267.77,779.49
6896e072-992d-4bf5-95b6-5cadfe0eaa1f,SP,7.5,7862.76,14343.26,4622.96,11979.44
03ce4fd3-9a81-471b-b474-282ba55be40c,RS,3467.09,22426.49,29377.32,8400.46,9163.04
b6df082f-e094-4562-abb2-349e5cda15f5,SP,17932.37,3621.34,4453.91,4093.75,1518.57
4bf2331e-8a34-4e3b-afb0-7aa4f3519d9d,AL,2929.91,6540.68,4317.47,886.83,1863.73
2d8ccdab-272b-471f-a2cc-5a337be276f5,RO,1704.29,4441.41,2490.63,2077.58,891.12
d154eedd-9f8f-4c2f-ac47-9cde49c7d513,PR,14012.54,1921.01,3096.28,990.93,3394.19
2c10fa14-7061-477a-a99b-44707cd0195b,PA,4224.5,2297.57,993.62,1100.6,32113.11
4335635e-2f82-4c9b-90f4-14909a772335,SP,564.75,355.52,3387.87,5613.41,4441.99
2d1a1b47-6107-4f8e-b70d-526c3f13b8ee,MA,324.64,893.32,13618.61,652.66,8004.92
8a8659a1-87b9-480c-8cbd-f366a2d4c567,AP,4636.22,5122.19,6159.92,3253.25,14526.61
a9c25f6c-0977-4f0e-901c-8e1b89a2112c,SP,225.07,9516.44,3891.41,11358.55,10412.16
754bb3dc-c596-4128-8103-260f146bee25,SE,7186.61,1682.47,5956.63,5056.14,9331.59
a48c3a35-e8c4-4e00-9d8c-7c9dbb36ae67,AM,1872.53,1157.35,11112.12,1496.79,636.22
ad0a380e-2963-4aed-ad06-3b14466dc0ef,SP,7701.99,1773.53,5208.87,539.03,3048.05
f08f6f73-1489-46e6-9fc9-8a769f7ba933,PI,9315.67,3658.6,4218.74,6049.7,6156.53
817ccd7d-b4d1-47bf-af4b-856ca4a6e5b8,RS,7900.14,162.25,13882.15,8161.51,1514.87
3e4d9c16-1573-40a7-b2c0-45a22880f235,RS,333.14,861.11,5232.9,1515.02,2098.84
388251b8-3923-49cd-8e19-047e34da428b,GO,6103.15,17531.1,450.65,1359.24,4475.85
98b736be-0bdb-406b-bbd5-a8da1272ebc5,GO,463.06,1482.75,1459.2,10340.64,7761.59
b73c65e4-2a8a-4a43-a67e-95601c0aa81f,CE,4460.95,9058.3,5153.79,22913.2,1639.51
719351ca-5b34-4191-a5a0-a8d70233ee3d,SP,65.7,3527.11,2867.61,768.64,2745.27
f7900459-559c-434b-9248-95f978e84da5,SC,4884.35,2399.41,476.98,3175.83,454.07
20371e98-29ad-4960-9a91-a39c2374cdfc,RS,7620.22,4027.41,10129.02,1579.77,4736.72
4303ceb7-bb04-4ac8-9cf6-0f0a417c3741,RN,2473.81,208.0,8773.51,13751.55,7122.85
a6d9e929-b98a-4e0d-8a52-928bfeb22b0f,PA,483.27,1714.73,459.92,1297.58,1716.17
85ac9874-7407-42cb-a017-99f105b8455c,SE,2962.56,4325.69,1079.6,619.1,2588.93
12eff07e-5744-4b90-aa3c-b895d664c813,MS,1049.82,443.58,5760.74,2798.17,8975.98
703096eb-687a-47be-8185-01f97dcd127d,CE,2425.03,5954.87,3098.5,1033.9,948.39
79993296-a67c-4d0d-850f-57af62b572dd,PI,19107.41,4879.26,577.45,3552.85,2623.97
8fc800da-11a1-4c23-962d-b6f5f8942d5b,MT,29647.11,9043.63,2386.93,2651.27,8618.02
e129a0f7-9bef-4c8f-ba40-67fab6663910,PA,1854.58,5885.1,778.63,1391.84,373.8
fb718235-fb3b-4dce-a27f-47b463559abf,PI,735.47,16128.78,2354.37,1751.14,7617.16
b10ea72a-33d4-48e5-8960-f380989e6708,AC,1766.72,10368.47,3034.29,3670.92,831.43
42a0c7e9-a456-4ac2-a15d-8cf718b166e3,MG,180.15,12585.58,1716.32,5870.25,3144.17
b2978a1f-26a8-458b-b2dd-29cce30377f1,SC,1004.38,1520.01,2854.28,22162.66,5669.65
6633515a-0db4-4922-b760-1278907252bb,SC,191.63,787.56,6215.96,3765.78,4207.78
c41035ac-5c02-467d-b3ad-8007f587a015,AP,11383.84,13256.82,5216.37,3609.9,7176.44
9e71a44e-2d42-4155-bc5e-883dbc0d75ae,RN,510.75,2893.65,5658.98,2257.22,5991.64
76a8a62d-88c9-4d58-8a0d-1ac0e936d9ed,BA,11192.21,4788.53,7523.45,7233.19,7734.82
5c2a09a6-0f72-4cab-a3d6-67c7a13eb891,BA,2760.31,895.62,14655.23,6805.93,5433.19
f02145b9-916c-4963-8fc1-0c4704cacbd8,AP,96.76,5652.79,5958.19,5143.84,7104.62
24aef7d8-1d6f-4296-850a-3ee78189e131,AL,7632.37,6030.49,1802.94,5783.49,10316.1
c9210cbb-8dd2-494b-971d-e69b798f5e71,GO,4282.74,3041.23,2495.72,1939.04,6736.14
006a2b6c-6fdb-4bcb-ac0b-f703971085be,SC,3035.48,7874.99,6049.13,8895.81,267.56
39558ec7-99f0-4379-9dd5-9eab5cc06092,CE,5984.08,5321.2,3943.69,3784.48,347.84
2a613182-a09f-40ac-8213-808ebb8ad051,MA,3107.89,8649.57,6416.29,1348.21,7293.21
1d358e08-cccf-4b07-827c-0855086a0ce7,AL,1754.95,17577.35,1163.39,3866.35,4168.99
b576d0a5-fe46-4685-8acd-d9b0114a3a21,PA,26.74,15010.64,1237.14,5575.31,900.1
c4efb1a0-2234-4e5c-80b5-4069cee64d4a,MT,1694.18,495.33,4210.74,24682.15,1852.27
74262f0f-a9d9-47e6-81c8-90becc5cfc8d,AC,2806.2,1000.82,120.79,2391.06,4514.0
3da07cf8-2ad0-4568-a9cf-6f1e21c0e160,RN,5484.52,4441.82,8530.16,109.1,6961.96
c2c52873-28f0-4140-9d54-a5f4784bf05d,SC,12758.35,6125.08,174.84,1204.19,702.63
d9afb018-dfba-4521-aa8e-77bccefbe058,RJ,6692.37,7939.27,4671.67,7180.68,17045.04
fe5a6d51-11a4-41f4-a251-46af7a207cc1,SC,8222.71,5669.09,10254.69,5121.25,554.37
2504d4a5-cf8b-4dcc-b792-eab14365c7ed,SC,8814.81,3356.85,12623.55,19300.02,5179.73
65925684-b173-4789-93c6-320ff7d523b8,PA,854.44,5907.05,1306.34,5776.2,7229.28
2f2a770d-abd3-43ed-b839-31a2f0e4f0c2,MA,20382.69,5097.26,3935.63,9837.02,2487.28
f5610ca8-4a27-406a-8fb4-5ca62c91d90a,AL,286.62,15330.85,2349.25,8336.88,2285.96
0e40a467-d0aa-4ce7-96f1-146f0ed19a3d,PB,1283.88,8704.66,1513.08,2100.94,1473.17
6715656a-25b7-48d0-81b5-61936366f52f,AL,21475.75,1070.59,1522.91,1265.4,5441.3
64da9ceb-f741-45fb-a2e4-e9124a3cdf84,ES,3946.3,18676.08,239.68,1502.91,9517.41
b116a30b-00dc-4941-b239-e0751cce8b8a,SC,3628.89,4133.71,8249.45,7241.23,10709.2
528441d0-612a-45a5-b579-81d2fdc87312,AL,15314.53,5309.07,8056.35,3955.0,1356.91
1c1a1e2a-3fe6-4f14-a662-c76de217e49d,BA,4451.26,3699.06,1966.06,4348.88,12590.94
c2d1fa17-f861-44c9-9bd2-5460e217d7f6,RR,11624.87,6731.13,5971.49,2137.76,1242.74
e821dbb8-10c4-482e-9bed-b2761a214fb8,RO,3467.84,3182.57,6334.81,7193.96,3067.5
8bb16301-3c79-4c42-b17a-c2b7621056ef,GO,1542.17,1169.99,1180.81,2476.46,7645.27
22ed5e10-8969-442a-9dce-fa47be923c84,BA,520.28,4385.03,593.33,2374.48,13377.03
2e85d209-04dd-4060-bf62-0c44dc33e3a9,SP,673.41,8247.3,2921.2,3296.64,3616.08
963aca38-5125-4afa-88c2-d4d8b355f896,CE,1897.12,258.12,4249.94,896.37,2212.34
8210a0be-4762-468a-b0f7-37484be8e1d2,PA,2033.54,3615.74,3181.92,178.88,5296.84
b95dd45c-01b0-425b-8e19-dc9752c6dce3,AP,1168.62,3946.83,2106.88,5884.1,3497.22
c9af854a-63c3-4f0f-8ef4-13bf0dad6df9,PE,1026.26,3612.79,1695.8,11589.24,2041.51
83080e6b-9b79-43eb-8d21-e705864572e2,RJ,351.74,9525.4,4567.61,6497.08,9319.3
432a4823-4709-4068-a75e-fdf784612e4c,MT,1444.53,6490.5,13874.82,18634.93,275.7
c2a6acca-51d2-48f2-b37c-9d3eb68ac296,BA,43.97,6475.09,8719.8,1744.7,3720.66
8c016dc1-fa59-4c81-8b64-a3bd349efaed,SC,1001.39,4542.64,5681.73,2492.12,7055.35
a42801ec-39e3-4329-8bb1-b01f7f5b08ee,AL,3407.53,3155.13,14857.11,4515.49,255.88
34c3a0d5-06ba-40e2-9b80-73f2f07fe43b,MT,12872.79,5556.49,4566.65,6883.62,19923.82
b39d044b-6229-4f26-b7ae-1fb9bc9118c7,ES,11439.62,2133.31,6372.37,8973.87,3123.8
78e19c8e-4704-4325-bcfd-91b75d5fddec,ES,3206.62,1704.39,1701.63,869.66,2377.19
eccfe2a2-4727-4cb4-a416-7705b113ec3d,RJ,3585.84,4350.43,2655.88,6703.63,4472.76
e49ab9e6-930c-4f31-8650-d973d275f6dd,DF,7608.28,27218.3,3209.93,631.24,5814.55
48fc2f64-bb6b-4d82-81d4-62a67f502a81,AL,1009.82,445.23,3020.51,10035.14,609.89
4e8d8616-6f58-441f-99ea-2667acc2be4f,CE,3613.61,8935.67,1830.4,11208.65,32660.49
bf17cd6c-8dbc-4fdf-8636-1281e10d1d07,AC,1082.49,1653.18,1648.28,19088.23,2623.34
0d38f6ac-fbf9-4c5b-b16d-c10e00a8ab06,RJ,8703.12,742.19,9348.63,2789.01,2749.31
d39a866f-4ae5-48d7-bebd-5b34f9398d1c,SC,4534.16,1619.92,4870.14,335.96,677.79
8ae1af0b-b68f-4ec1-865d-25d69c7b5324,AC,1796.41,3151.82,4881.79,238.87,2298.84
a4e16efe-2003-4354-ac3f-2974fc20e3b7,MG,3019.32,513.7,1480.2,595.36,4592.91
6c6cf72c-4286-4789-8699-56744981850b,ES,1962.17,892.97,2546.95,920.28,3852.49
6f9bc2e7-abf5-4922-9651-2b20cef5f208,RR,268.48,2419.12,5850.25,531.88,3473.58
13514846-4fed-4da6-a12f-52107d0ff82c,PA,6282.68,10629.86,539.64,5377.84,818.49
cfd5addb-59e8-41ae-9eaf-35eafa80266c,GO,682.34,10784.54,626.89,1242.67,10409.49
b87949f4-408d-4f75-adbc-a810305eda28,MA,3056.87,2901.96,4964.65,396.13,140.52
57b9f6fd-d00d-4ed9-9baa-c621cfd346a6,AP,1751.27,8956.92,5183.77,882.17,4237.18
ea8682bc-99f5-493f-9d02-edefc54f2cb7,PA,23805.02,5982.06,1899.71,5036.71,533.88
c4a616f3-c2ad-4206-ba5e-1b5f8d1d78de,MG,4.44,635.31,7117.3,8235.12,3243.91
c4feceea-ded6-4c57-97de-2068856a4e83,MG,1957.43,5710.27,7276.84,2077.59,1025.88
623be115-1789-4437-8b27-f1c1ca5cc34d,PA,2146.48,5352.73,3114.24,529.37,4430.23
b45cb3ff-7cbb-457f-8cc4-f5a021c3ed7d,SP,496.83,6332.49,2612.29,1682.41,617.28
963df73c-b9db-4240-8657-edc808a3d816,PA,3379.46,12171.58,1641.78,335.11,6073.94
8c19611b-1dbb-441b-8fba-5039c039fca6,SC,9015.69,9176.03,3744.22,294.81,2711.07
2cef5b9a-f3c8-42fc-8d7f-dd961a07f9b6,RJ,9265.66,5024.61,2911.95,6372.43,7788.9
3a9c028e-3ea1-4be3-bf5e-7ee87b257110,PR,851.4,421.41,17268.13,2869.44,1949.71
6f0e5014-1b1a-4a55-a89d-ceff8d8678da,MS,1696.48,2456.81,10656.41,7142.6,5051.9
469268a6-bf7c-4457-baa8-f346fe3a4e0f,MS,3051.0,1691.09,2696.49,5472.09,994.38
67a9ac5d-6e23-4494-8d1b-a4d645b3f9f1,TO,1518.62,14760.44,814.49,7509.85,7168.37
79fc5320-49cc-4bb1-b2a2-32a9c74bc7f6,PR,7566.72,1371.37,2231.73,6857.27,10989.6
dfa4ce96-a789-465c-892a-e0a2a4483565,TO,6332.17,9382.93,10872.68,13604.42,6163.37
79f782e5-e799-4fa0-8bc5-ec40cbd69fb8,AC,4498.23,5912.36,4132.9,638.58,8217.81
27e0bb41-06b5-40e5-92b8-55799bb2f888,AC,546.4,2310.64,2014.96,6786.68,5169.33
4502460c-e277-4dbc-a280-5e7a2a057d20,RO,2742.64,5560.18,11660.06,2382.54,288.39
b4c87e74-501b-4577-9ec6-124d941f2702,RN,5162.09,1403.01,2531.15,7750.52,3418.19
d191b476-a4b9-4e7d-9779-55c54193b868,TO,3653.24,4169.06,657.27,9201.24,2561.8
0cf84b50-bb8c-4729-89cb-e37fa4acce60,MT,9412.04,3737.7,3213.63,7008.6,18112.13
bdc2b5b3-5c8b-40c2-aa82-83fada90d58b,PA,4487.11,6701.96,3238.33,4696.24,4194.8
dbafcf37-db25-4172-a349-df776e7b4342,AL,711.13,3687.06,1978.19,6466.87,9183.04
df7a823e-f6d2-4023-b3e3-e9508155568b,AM,102.06,29268.71,1235.49,6654.59,4652.52
0c117bc0-9ddc-46bb-9c81-131a9bc444f7,AC,3936.43,3209.41,3111.29,9216.43,360.26
00863b78-ff60-4db2-807b-add413a49e8d,TO,4179.1,3292.41,4207.06,6851.62,3091.42
648ce7be-eb2f-455a-a074-c20dc3058d33,MA,11431.47,4967.6,589.66,2247.03,2875.94
d77987dc-3070-4181-955a-6081b5e026c7,MT,3607.31,5791.79,3941.99,13097.52,1455.9
2d002a09-ed5f-49a5-8c9f-a4697affcd09,AP,6170.9,11194.81,6716.93,6884.81,5364.34
c834f8e8-9958-433f-95d5-b477b6d81e13,PE,7065.22,417.42,11514.43,3569.98,10791.43
504ff79f-de0c-419a-b535-dd45090c2fd0,SE,23945.31,410.97,5922.2,8651.99,8187.34
b701b529-0699-44cd-a152-096fe70af6f8,DF,2376.46,4322.58,1143.83,19068.98,4785.17
42c3f979-e044-4305-bf27-e3381bf3abdf,RJ,858.58,6711.25,1017.19,389.21,2982.26
e6252aa0-0fb0-4057-91e7-83825bdeb66a,SC,16981.61,13386.83,775.48,2724.4,4488.9
6819498c-c62a-4377-a539-c1be4b7e517f,AP,3482.43,25213.24,17872.45,4417.9,1726.81
abbe0d0d-5746-4c8d-a821-a820cd5bbc3a,RN,4290.57,3582.58,11668.84,4876.49,2747.45
0ff7b383-5d79-442f-a631-ad1e5f6369e4,DF,1353.23,2367.68,256.29,374.25,5414.83
d05cdca6-82ad-471c-b8c8-f788bd112501,RR,329.07,1464.67,2301.49,548.6,9545.59
b07b3222-c043-4c93-b4f4-c38c53351eea,CE,5117.74,8785.65,9293.42,7019.79,302.54
c1cedccd-cfac-4cc6-bf8c-4e484d82fa53,AP,3526.28,129.76,13153.15,3125.49,3027.73
ca48d95f-cd2f-4a54-944c-6756511ffc2c,DF,3558.86,3985.02,8506.92,2143.67,4228.85
fa44f887-df7f-4652-9e94-e22aebd4106e,PE,416.34,1849.24,6095.94,1764.36,3924.99
bf021baa-6a19-498a-9eca-899bc2f8e50c,TO,10962.46,2307.78,2293.37,7416.05,5237.78
64fcea68-8b8f-41b4-aea2-a208b8f13b23,RJ,612.8,1586.82,737.15,11380.08,9428.55
dc9dcb90-9594-4153-bd79-d7a0ce0620b4,RJ,6769.38,1159.9,1376.94,6541.93,2813.73
e9fc404d-3d1d-400e-a46d-5fa0d44c7f3b,TO,107.36,1050.47,9936.99,1680.57,5211.24
88829595-50cd-4aab-8650-01ceb315eed4,RN,11178.86,9858.62,3495.91,8181.29,1069.03
455bc394-7bc2-4648-aea9-1dd130341957,SC,2495.64,4752.94,4388.17,17260.67,1597.83
85dd03f1-04bb-4a2c-9171-2be9554b2ceb,MG,4934.6,4401.35,11342.39,3716.54,13513.79
01ad7060-845f-40dd-87c6-4d8ab7852a19,RJ,4433.9,2665.25,4741.42,1323.38,1113.15
9e43887d-f623-440e-b5ab-ab9b470c2717,ES,4706.06,2592.61,5431.88,9987.32,1042.53
bc4df354-ca5e-48ad-8e68-06cd087986a5,RO,1718.97,4301.74,3751.58,3240.35,9804.43
d87ee9cf-e62c-4cd5-8674-55a3c4d724e6,GO,318.24,277.57,22998.78,9324.57,6548.86
04617266-273f-455a-936e-13adcab01e8a,PI,125.01,4783.09,2746.46,6479.65,1594.98
fcdf3937-0dc7-47d0-826e-ff45044dddf4,GO,2379.59,2362.55,102.66,7241.5,1794.81
219d5660-27af-496f-b8f9-3caffe4f9e08,RN,3777.65,20449.67,1865.52,11714.38,6989.9
adfa0bef-884d-4105-a294-8365824c332e,MG,5927.81,2172.12,14451.21,24177.23,1877.38
0b94e687-12b3-436e-822c-8b0ba309c1ec,BA,1831.49,3232.0,862.81,554.99,1393.11
4cfb244d-aacc-4b44-8130-b6490f350cc0,AM,3300.91,666.54,675.24,3588.49,2808.28
22aaf6f9-6cfc-42b6-8a05-422eaf913770,PB,2787.92,4011.24,2162.67,7014.6,1941.28
c8fd7ec8-7d8f-41f4-b8ca-aaa794f6b709,MT,202.25,6823.21,9993.1,2136.42,4516.7
d9e4dfed-d73e-49a8-be9b-ad1db2ea29b4,AM,1539.44,1651.55,4195.26,11229.24,612.83
c4111de4-28d5-4998-b292-6d5b6a89699a,RS,4497.37,9994.14,1908.88,5682.53,9524.87
dcbb90b2-c93c-4d7a-9917-1c884563fcc4,CE,2008.83,2020.39,10248.0,2570.68,14629.91
d4c70b08-b82c-4932-a5c5-ad02704b83ff,PB,6746.02,18182.2,19102.15,3188.04,8449.79
dbabe413-148a-420c-98ba-4c9f814870ad,PR,293.23,636.44,2361.54,295.54,403.37
c4c4a79b-065c-4763-81fb-3a450510a5b9,AP,915.07,816.18,4311.9,658.31,5721.4
627866f7-fe53-4f2e-ba03-25155e221cf3,TO,1388.4,1060.49,10516.51,1888.54,7272.92
4053585f-d7b1-4f68-b4cb-77967f12432f,MT,6346.02,13451.54,2795.04,4326.65,1741.17
58c1b668-bedb-49d9-9eb8-f3fdd5fd279d,PB,5067.79,21246.22,4708.69,3498.31,6285.02
c91010ad-3ead-4c41-b933-fdb6f0eb8f40,MS,4125.02,3830.67,5248.18,2360.22,8422.75
4ed9a8ad-444d-4431-93dc-e99398bb670c,RS,2048.36,1257.96,629.34,2072.43,3608.63
47f81d33-cf98-404d-a060-f489c3c69686,PB,20738.8,1329.9,8953.97,20594.4,5018.75
41f35888-9a5c-4c94-8bb1-e82da9b5cc17,RJ,2377.46,3482.47,677.28,445.56,1500.7
ad452d00-6733-4dda-a475-d58335d87061,PE,5477.24,11640.57,954.56,4190.74,2186.36
39bb9210-cf82-40e2-8f67-5cac3a127cb9,MT,1653.97,3338.04,2962.41,6925.51,3535.87
ef6745b1-27ad-4fbd-95f1-2e75edc8a449,AM,26209.95,7796.72,10481.22,2423.46,3612.41
1e308925-5bca-42db-b544-39b64f32efb6,PR,1054.1,8631.17,14757.45,22933.69,5022.92
2b4c9a36-4b0f-45af-8c78-0144a9d4e646,SP,876.12,5657.27,6953.18,3397.23,6074.67
86196dac-22f8-4d6d-8b83-4ce1730f6c2d,CE,7514.53,1138.42,9066.44,12955.85,427.72
07dfaa8d-e8ad-4acf-8967-1584761c5ac6,PE,3910.75,6920.6,1430.22,791.19,3802.38
bb649b5e-c606-4d21-855f-420c9dea7f1c,PE,1689.95,2059.19,3700.03,10194.83,2413.9
fed45e69-ba45-4e91-946d-5fa057970287,PE,789.03,2927.18,1183.05,5449.31,15307.39
eefe1aca-f65c-43e2-b675-9ad0551eec0c,RO,14962.75,2413.02,5214.42,250.36,4858.37
cb3e65d4-d2ff-4dac-b17d-8b7c294b7b13,RR,2436.3,9886.66,4164.11,4631.71,13074.7
6e7582bf-bc5f-40f2-a890-93b3049d800a,MG,1261.8,4126.72,2164.17,8314.88,744.99
ee981dc6-2205-4b9d-8613-cb38a2f4d299,MA,1675.94,4697.5,2278.69,4219.88,11599.74
2feac517-cfc6-404a-b9c3-3fd6fdb85a5b,TO,65.85,3452.44,2059.59,2453.01,1588.52
2db246bf-eca1-4de9-accd-c31ade70c060,GO,11370.27,995.24,922.22,803.4,10780.75
20fe7a23-c151-4fb3-b197-64ada1848949,AP,3128.29,699.0,5211.94,10440.99,5004.85
a4e696f9-b876-4db6-bbeb-e66171e34372,GO,1395.49,8373.91,2060.59,14902.51,6140.52
7b3be7c4-2ac6-48ac-970b-f7f42eb9aaa4,RN,1478.27,946.34,4324.67,1178.42,1027.53
1ffdda19-554b-4811-b456-c940353c186e,PI,2128.14,2207.99,2350.35,119.91,664.28
a6a43021-8524-4a61-b084-a32c7a9bbe88,SE,3469.45,5491.67,16455.81,3163.16,10232.85
e0367556-962e-4760-81c7-fc13f5524880,AL,1890.59,4220.81,7621.05,1167.38,19737.14
b8b5ef37-ae49-4fdb-99a2-f62f2b3655dd,AP,7218.8,15334.96,10803.97,12775.45,7636.94
c7ae5a8a-da09-4807-81d6-2b3456cc6bf5,GO,2687.94,2503.06,10474.56,4863.19,5783.74
d3a42fd2-60cd-4c37-a3f7-089a2c03663e,TO,9799.8,191.3,14251.03,2705.73,1283.33
3e8cbc9d-01ed-4536-aa4b-fce4d63a09fa,AL,8633.64,1202.2,433.69,5940.13,9887.25
e4e63d14-0b4b-41b7-b865-7a8e13e5e2c5,SP,1329.69,19913.53,1131.72,4764.09,8976.87
c50a6d5a-d5cc-491e-8314-bce278c32ec2,SE,3762.37,4354.79,8261.83,12182.06,324.41
8f471e0f-6b8b-46cd-8395-d61ffee85271,AM,10325.43,3036.24,1994.49,11223.03,1593.73
f10ce0e8-3b82-412e-8751-715b5339fe65,RO,1106.47,11644.92,3129.81,1621.25,4623.04
940f7ade-ed58-4377-9948-35b9e3c88f9b,PI,2419.55,3777.18,11196.15,9345.63,1873.6
987fd87e-9295-4cbe-be77-8f6a5d86923b,SE,2843.19,9224.64,1266.3,9772.36,5419.99
c57b51a1-ef2e-4666-ad2d-867f3a1a3f06,TO,4175.85,2171.33,8474.85,274.98,2410.91
48982473-62fb-4895-a7fe-e5f915b5786e,BA,16266.49,11190.81,999.25,8672.16,8321.62
51f1981f-8d05-4e4e-acbb-b782f26442ed,BA,4961.77,4673.72,10854.85,14808.18,1306.42
2a2ad4a1-30da-4a27-93ba-4c7d2897b1a0,MT,9939.33,3095.39,3544.28,1415.51,11403.36
aa36d57d-b18b-4e20-92a6-73877feff12d,PB,6316.07,3392.12,174.72,10802.21,3388.56
e2cb6b11-02e6-4807-8eba-63cd427abbd8,RR,1982.47,3001.31,8748.8,6443.04,194.47
cb73b745-1072-4283-97dc-cd542566ee36,AC,6895.09,7140.12,3821.73,217.8,9028.03
221f7b39-7084-41ad-8c2f-db48c9a4806a,MS,3779.68,9349.25,1131.14,3214.6,1559.04
f925c876-fbb9-4a1d-989e-2a0ac50d0908,MT,2145.08,6538.46,1586.35,8978.03,712.36
aaeda719-4bb6-4a8a-ad54-f1ea5ca208c3,PI,2041.78,11538.58,2122.54,1913.56,402.81
a8b80d17-70db-4eb1-abca-97c738dfc05f,AM,16806.04,6307.6,7909.29,12191.21,122.99
677eb615-5673-466b-985d-570c26083b58,MG,791.85,898.67,2077.09,3803.62,537.86
830bf0e0-229b-436b-aaf4-80f4e3d7d998,MA,2570.26,5327.93,2649.24,9668.79,2791.46
4e4e80c4-271e-46d4-943d-d649b349e834,CE,4186.76,3855.58,844.29,14188.45,3935.81
245f27df-fb0a-443a-9928-361bb9e47468,RS,9756.54,6137.46,5414.53,8184.34,2006.15
4bff90ad-8280-41ca-9afc-f4a66a46e895,PR,3618.64,1736.46,3014.57,845.83,3453.84
de42e5bd-ef01-4bc6-860e-dabc72b6ec88,RO,10782.05,676.44,318.52,6833.83,6100.8
61ee1e0e-e201-40ee-8b37-2187cc5e4598,RO,11163.15,865.03,9994.64,4336.1,2816.97
6dd933a7-ff3c-4431-b91a-a22e9d932c16,RR,865.61,3861.92,4033.24,2557.16,9130.7
e07ba489-7958-4c50-a86e-1b50913e9a65,GO,14729.85,1321.41,1247.5,12216.09,7127.78
171060b6-67d6-4076-b4b7-5160571ee507,PR,1205.63,14701.4,5858.27,826.08,1998.68
d78b85f7-5c0f-4592-9c15-c418792f30d5,ES,19141.75,948.12,3306.72,3268.12,2098.56
1cb49916-dbb0-46f5-be1d-086626645eb8,SE,1305.55,6497.85,2760.73,8678.99,4337.69
2fbb3454-9c55-4f62-9d8d-0a7b46a9a625,MA,5831.37,1196.37,1857.96,3173.17,2851.22
213f2350-bb4c-4326-9a3a-27738011cbfa,PB,8808.93,6261.39,8126.35,5203.67,8921.16
591b2531-23c6-4124-8b94-848e92919b91,TO,767.49,2893.44,670.56,13693.46,6423.36
83a676ac-5a3f-4a2e-a15e-985ee9483f27,PB,7641.75,306.74,920.82,7566.85,4574.17
818a4964-e287-4a45-baf8-1fe9cf7595af,PE,1858.87,5027.0,1318.7,3415.88,8456.43
6c010dad-0147-42e4-8194-0231402608e6,PA,5873.5,8508.92,19631.66,6970.56,4081.15
bbbed2b9-df48-45fb-a690-f85fc4ecdf26,RO,8450.93,191.7,1919.43,2501.42,21208.74
683c8dd0-789d-4984-875d-8748fd8f0fe8,PE,599.29,5623.63,4543.52,9640.55,1605.1
afd48908-d1e3-4389-b3f5-37b138f3a754,ES,8864.7,4028.89,300.03,7264.81,1902.54
ab77a7a6-8be4-478c-aab6-e0b0dee5948b,PI,1273.33,7549.83,4815.07,4423.17,1424.42
1ebc1823-408c-451b-aac8-dffbb879f1dc,DF,4178.73,2250.0,840.27,1905.56,9009.15
0065b9ac-6c82-472b-a6d3-c79dd9f20dcc,GO,313.2,6155.81,1238.03,6350.03,1278.87
c11463c2-4b48-4523-80a9-219d0e36f9e5,PE,16157.1,976.73,2810.75,3783.84,162.75
84e17474-9b49-4d5e-bf56-c606462883f4,DF,11045.96,13028.37,1784.42,2106.42,3841.0
c1ba2802-fc41-4e9d-a321-26550abdedd1,GO,1122.51,4889.92,1569.21,7141.57,2751.16
0ad8954e-e351-4f8e-b5fb-864a30697b66,AM,21269.13,290.49,9573.15,6336.72,3599.38
814d5e9b-b6c9-4d59-8b47-fd9dcc76caa3,PI,6181.44,382.58,5127.57,912.33,164.56
a4494f07-5c2d-411f-b08a-17350baeb3c8,MT,3596.92,6967.0,2417.7,5955.17,13653.86
fa55e215-de97-4afb-9bb0-2c59a88d70b6,RS,3000.26,8889.99,8492.46,11894.4,110.51
0437afed-8266-4a25-aab7-8f8bc6cf20bf,PE,937.33,11919.87,2829.96,11103.62,1708.18
8d0bfe55-d2e3-4fd3-8214-a36714bf17e1,RR,1632.15,5750.67,8856.7,3638.9,2646.63
8e1f5f80-cfb7-4367-a164-f8a90558490f,GO,114.37,6107.01,3891.34,3095.14,8480.08
e78d6ac9-0d44-4321-b67e-cc632b6723fc,AP,2374.53,1711.66,1430.58,852.43,9427.53
bc0c87e6-b569-426f-822c-d8f203430b8e,GO,1183.7,843.11,1062.31,3137.85,1639.42
a87629bb-7b45-48d5-a7b9-094d514f3ca2,PI,2804.23,2889.5,7869.13,11466.87,3720.16
a5145317-82e3-486e-bddc-0625a3534719,RJ,9272.23,2377.11,883.41,11099.84,979.95
a9aa9bcb-27f7-4157-9472-2df4dec53732,DF,4016.23,8494.87,4402.29,986.42,684.66
3b8bd77d-a16c-4b56-b85b-a12896e19144,PI,8818.98,2736.74,837.04,14357.05,2615.26
9cca5b15-f470-4094-b86f-a1ed9b060835,MS,4142.43,9139.99,9369.69,12846.18,582.21
7bca12f4-0445-43ac-a34f-3723a539b886,PE,2143.46,7844.59,3228.25,4876.76,17140.73
504f1d81-3cd1-4adf-b184-c55f5f357f49,MA,8212.89,15141.88,6876.59,933.62,3105.75
168a3edc-4cb2-4e18-904a-2ddad1da9de6,AL,2539.91,2593.65,5322.67,1466.26,915.11
65a06726-af78-4c0e-b047-eee0626a6061,PR,4707.06,15152.81,3005.29,7017.42,3688.41
a988bc91-3edc-4d1f-8f8b-1d15affdd749,PR,2057.74,349.64,5817.4,5933.09,3648.98
d0658451-a78b-4d90-a70f-9c103cd7b14a,AM,2012.19,4946.43,2019.63,10451.43,1789.45
0a3d5514-59df-462a-a56e-1733fbc09ac6,RO,15013.38,949.59,16495.0,2407.98,12207.42
734dfaca-3ff9-4918-b4c1-2fbfea902287,SE,2987.21,376.44,3807.41,10530.03,5244.93
823aff5f-3205-4730-a6aa-a23ff68d69eb,PB,10428.11,11433.57,9037.59,2177.51,8195.19
828bf2c5-0178-4700-bd00-00ebb75d9678,PE,4020.07,15409.3,1620.86,3863.69,7239.59
b23aa120-5a7b-447a-a8c0-d6be1fa5a899,AL,788.05,3149.13,3314.9,229.6,3093.13
133ad3a7-c20a-43a6-81c8-3e1171cab22e,ES,19693.46,4669.39,7153.15,2152.09,20138.65
c987aa2c-089d-48a6-bd58-396cbee2690f,ES,652.27,2903.61,676.99,11557.02,5766.82
0e6a4941-2ff8-4b22-b140-c0d38d163733,RO,26839.33,641.31,453.72,5843.56,2480.56
bfbe52f5-56b1-4e53-903b-1c05b763b109,AM,2253.71,1286.17,2092.57,1346.44,11297.07
4b457e1c-dd36-40ee-b200-aac6bc4787e9,MT,2619.66,6013.96,3621.59,8391.3,1451.11
120b6517-8f68-4559-a0a5-af450acfe232,RJ,3687.45,18009.01,820.24,7949.6,13167.39
44f28b22-4678-462c-a21e-89d54701600d,AL,340.11,2399.37,8065.05,15092.51,2645.22
8a1d95cf-9bc6-4d95-b090-493458baabee,RS,5644.72,6614.75,3594.53,796.91,1370.48
078cbcce-1c35-4e5d-a26d-0777e140ba86,DF,1200.67,943.47,788.95,1411.9,10078.16
52cf17cc-7ff0-40e6-b2f8-74c7ef6c403d,RR,5876.84,11085.31,4861.65,24966.11,5249.24
2202b045-7304-444f-9545-f0cda5bad580,PI,6953.15,510.85,11833.77,2566.95,9918.49
41ad42f2-0b03-4c59-ac20-785be29154c8,MA,1756.82,2257.24,1117.21,862.86,10712.72
1379df9b-2fd4-4e4b-a2ef-d3538eb12226,RS,637.54,15914.0,3275.57,5208.4,6128.45
292965ac-a9ce-42ca-8b3a-23c0b61f07fe,AL,231.09,6754.93,2059.66,2392.7,13817.21
0a927bf8-4096-40de-9113-59e7604c2938,MG,1329.11,8931.73,953.06,3953.21,7747.01
4023fbce-e73a-4f78-ad9b-cc150f1b31de,ES,1460.84,2941.61,9029.64,3480.71,3176.49
7023ad56-72a1-42c3-8541-27ec62521229,SC,1907.75,7911.7,5029.82,989.27,2098.41
eafc5a0b-773c-45bb-93be-971c59128da0,PA,361.79,5034.31,4485.0,8451.91,1123.86
44308e14-8cae-4742-8c5f-4fe8a044d574,AM,4380.53,7074.14,2196.35,1680.53,20440.15
c207aa61-bf6c-4f09-aaaa-ba8b5102b44f,RS,527.29,1273.16,5300.82,1647.28,1017.81
c6fdcdbe-53d6-4f7c-8024-7f240f27c5e7,MA,3304.52,2584.46,7121.85,461.99,5555.59
c45a47ca-cac6-40e4-9e71-2aeeceb9ec0c,GO,184.37,19315.13,177.97,201.61,5349.74
f0376f95-82f8-4bfe-be0c-e95bc538a559,TO,6790.2,1907.02,892.52,2586.98,4863.73
6f7f2543-3be5-4333-9d43-8f34e858df01,AP,1389.02,8455.94,8323.42,12856.84,2988.99
c6e88775-6272-46e8-9724-b66593886857,GO,1323.33,1361.31,990.18,1542.56,6562.12
bb944153-af56-4d1e-8567-6605f55c2226,PI,2823.17,755.78,129.46,3909.07,4627.64
60e7b763-73f8-4fa8-9fbb-cbb181cdf8bc,PI,6069.14,10834.71,853.02,5166.58,438.12
854b276b-8ff5-475b-9901-13d842db7f97,RR,2966.53,4731.45,10055.22,4123.43,4169.27
8d8ec0c0-be34-4e88-957f-5c9b939d67ed,SE,6203.16,9150.53,7173.16,2498.99,14093.99
4ccfe45f-722c-4a22-b699-299ea08e146b,SC,7474.01,12245.2,5328.5,1264.64,3449.61
ad94f335-5624-4b89-9b01-0a4eb0a9a7c7,GO,1567.6,735.09,6405.75,728.91,8660.25
c03b6794-1340-40df-9f04-b2b9520969f5,MT,8427.82,1498.98,2579.93,5085.84,9151.9
2760f432-f241-4672-ad8d-4040346cccf1,BA,7002.12,2709.08,1154.99,9978.15,6199.3
633d70b9-af79-4a57-9d2e-a32950bd6050,AP,5020.64,9107.74,5497.37,8707.87,9371.79
5a88dbee-5d29-4cff-8da3-48a82267810c,RN,7225.64,1144.44,22060.29,949.98,8896.25
13d84a12-a2d9-4f64-93b6-652df43c1a49,ES,3689.3,1085.7,397.56,722.92,13097.0
bd5bae87-9f46-45f4-afb4-b156856dc0c8,RJ,2059.13,4081.6,2673.19,1416.43,10517.11
fe73488a-18e7-4e38-898f-bbb734e60900,AP,5008.73,6979.81,3283.53,3252.41,1338.73
f0ca998f-556b-4354-898c-c9784aeb8f96,AP,4794.17,14639.32,21511.68,3944.6,166.89
efa84fac-7be1-4329-a62c-a723fc326e92,SP,16746.63,884.22,911.28,3124.42,1641.37
d2601fa3-7894-4ff9-9e92-e41f79e4285d,PB,262.1,7668.62,5865.71,853.81,8310.65
1025c655-de31-497a-afe3-61607e29810b,AL,141.66,3855.42,2663.72,6698.25,1769.13
5a8fa5e7-0680-4580-95ef-3dfbfb3da05a,MA,1753.32,2607.17,8701.54,1095.29,5055.11
9d76b707-8341-4a36-b2ac-093734db6ef1,PA,242.39,3960.11,7981.97,3587.38,819.69
ea733d81-b397-4b4c-b2ba-f21eaffbc64a,AP,2159.61,9787.92,10679.77,630.89,4315.83
11735c14-d916-468e-93cc-57bebd3e55c4,RS,2509.11,10354.12,9080.86,2062.55,2647.25
9999deac-83dc-490d-9dd2-3fdf17a8641d,ES,8436.09,2730.45,36779.73,11762.32,6484.76
62269d88-5809-4050-8a12-7563b8f94a3e,SC,6226.81,3040.44,6940.34,7231.64,2033.27
da2a6902-edb3-4d91-8a19-beb51bfce593,AM,2242.36,2075.06,877.04,1906.2,2414.12
9bb86d68-2f8c-4ee3-a16d-eb1643c86592,MT,751.06,890.13,12308.73,932.6,932.69
b64d9bfb-eb40-42cf-b236-6de9544bf6e6,SC,6322.12,465.62,9798.34,326.04,3385.42
f79882d0-0792-45e9-bfc0-28ee27441f6c,RS,10069.89,6528.42,1136.92,6999.48,14717.0
7005936e-2c27-4a95-82e8-c37fb47180c1,AC,8627.22,1254.9,4323.55,4596.0,675.53
bc65ce7f-e701-4208-9015-8182ba18a6e6,RJ,26019.68,11560.01,9210.48,509.1,210.23
65094b1f-82b2-43fe-b55c-1f64d18e472f,MT,16428.27,1654.56,1129.27,637.59,1220.21
a183c3e1-1392-4657-8598-6a54c0ac8910,SE,8491.12,8855.71,5302.26,4702.82,1368.03
c56271af-e177-40c0-af4c-e1a4ed3130ba,PB,11281.56,15716.51,2536.05,11537.61,8511.17
d6cc1ce5-7d9d-4ac1-b9ca-55023783a2c6,PI,11296.37,1401.76,11139.66,3137.7,174.46
e0d95c0a-db2c-4542-adb0-12ce0bdbf159,RN,1011.9,3108.41,1368.13,2160.05,1865.29
eb9d1551-6fdb-4630-a8cd-e767fd3f2b8f,PB,8319.51,567.47,1422.0,4005.41,2650.67
3b568aaf-2b81-449c-9fb3-0e46d447cf89,SC,317.37,573.74,753.58,9169.95,3651.0
44965846-22ae-4451-abcc-27d92848a9e3,SE,495.18,1730.68,2683.18,8583.83,793.87
2581bcbe-f613-4844-964a-1100f8174d8a,DF,592.19,4019.95,464.76,3413.14,7617.68
a99b521e-c327-49a2-bc5e-966c828f8774,PI,20758.09,1085.54,650.23,14667.01,129.26
1e8bf2e0-fc36-4a11-96ed-ca0108ad7d2b,PE,683.92,1148.98,3752.76,7722.52,7071.89
f8e792dd-98a1-44b7-8155-1e2a9aeab3f6,PA,1347.34,6285.84,2164.17,6080.57,2082.82
898aeaa2-f366-4d9c-bfec-c0d4ee09fc11,MT,6474.34,4851.83,3844.73,13557.19,6202.78
ee7f56f6-5f64-49e0-ab7c-45afd7301d17,MA,18109.55,302.56,779.53,1789.6,6624.34
26a31973-a9a9-4340-8da0-be186a29f1c6,TO,378.82,296.74,6336.09,16910.8,999.1
db5979c4-02fa-482e-b8e8-1128a74c16c1,AC,4764.13,1718.57,8278.11,8179.43,4200.02
a1c112c6-278d-489a-8f98-590ccefd3363,RJ,4963.56,1633.8,2261.95,22847.79,8994.6
f01b820f-c060-446d-8c3d-0c729b50f29d,AL,4343.5,1166.41,9136.52,1530.14,13762.92
5efa0bb4-28b9-42d2-9707-8beccd5cddc9,MT,1529.66,5582.64,494.09,3594.7,2057.51
5f88f3e8-f52c-4c51-be86-5894a76f6f5b,CE,2242.86,7431.7,16737.19,3156.97,176.76
2d208533-2443-4729-8a0e-c4828980894d,DF,3230.65,5449.66,12854.75,653.88,341.26
522dcab4-899b-4ce7-a99b-f6467e4cd64d,RO,777.08,364.49,142.4,1414.71,3108.28
caf72741-bd6c-47ac-8f07-70404b3120e8,SP,17442.51,8080.99,931.85,5227.88,3045.55
12918690-ff9a-41d0-956c-e7f001ff090d,AM,10947.15,14100.48,5337.91,2974.58,10599.36
62c4fa69-8368-4843-bca1-4c1a2d07248d,AL,5349.99,7299.84,2032.64,308.32,6641.67
0c049e1f-d14e-40d1-98a1-fccd94760954,MT,3849.02,7434.43,5412.65,1177.78,5172.86
499b3496-e72f-40ab-9f54-9625ae22b630,PI,5924.01,5846.16,2807.03,880.19,16979.19
45c95a7a-17d5-4405-9b24-ce11db3e55d0,RJ,1351.91,5154.7,1128.24,728.19,4727.21
e8e2c062-356a-4f7e-bcbf-a46590484d47,MA,5562.7,6527.93,606.63,2880.46,5680.81
0b02ae93-9fa6-4dfb-b508-58684cfe342c,RN,1649.44,15324.3,2044.23,2347.32,8330.68
4e6f88b3-f1ad-41b6-96ab-3d9e7df33752,CE,2391.89,4685.64,7490.26,242.58,20172.93
d0803c74-2aee-4273-a467-52443202eb83,DF,4460.59,2095.56,1120.54,1868.8,1123.06
0424cb2f-ca8d-4049-8a78-5439708b9956,RN,1273.76,13440.2,1868.28,3579.08,8142.37
47db9379-b59d-42dc-b969-78e7e7da87e8,CE,1191.8,9218.46,5276.36,20279.61,4651.76
f18a3793-cd63-47dd-a2ed-f1a017926268,TO,2727.61,4069.0,3783.41,4021.05,4051.45
52644ac4-a909-4482-ad95-6cb406d1da25,RN,1064.07,11651.59,5591.09,228.33,664.18
21ed4ddb-4d9e-4e59-9fba-a650ece04835,TO,10298.83,4341.64,3733.85,10321.85,2518.62
2e3fe2b2-53ed-4bef-ac06-329258657fb4,PA,999.77,3421.6,616.8,6540.68,476.86
ff0dfe10-89aa-431e-97f6-751ccb8cb2e9,SE,567.27,9653.67,16851.45,6094.25,6711.85
a40e5af0-9a63-43f3-b513-51d6407c3354,SP,7321.06,4975.08,403.65,1337.03,2026.38
fa64d8ba-18a3-41b4-8bb8-93f31fb6b5a9,CE,4545.89,172.52,1953.8,5864.05,2223.52
0d689a64-e75a-42fd-92b0-3eb180e26da2,AL,1544.43,6954.63,360.14,5968.3,6275.92
f757b387-9b74-411a-9a4b-87660812fc20,MG,1270.16,1823.3,914.15,7195.83,5157.19
f67fc891-ab67-437e-98b7-7e68f506aff1,AP,4132.64,16690.55,12328.98,671.84,4101.02
0a9d35a4-47bf-47b9-a530-bd34f5474333,PR,277.67,610.41,10275.05,184.02,11025.53
9bf289a9-202d-4d7e-b8a9-a6eda8cc0ef3,MA,3149.21,4772.81,772.97,311.32,7716.72
f157cf3f-92e8-4c70-be2f-7f4b15901249,RR,1825.41,2606.74,1829.27,15577.06,1372.92
a6c99c7b-d315-44b3-b443-6a16a4051c6f,MG,1155.57,5538.47,5208.2,7053.22,2740.04
8588ddb8-87e0-4950-ad16-b1eef4e0be51,DF,7964.63,121.32,1090.52,2574.57,977.56
e617aee6-21cb-4db9-9cd3-1a63d4621ad8,AP,2741.52,4253.81,2501.04,1751.19,1185.78
6af60966-28ae-45b2-b9f8-ff736b69e2d5,ES,534.16,6728.19,5588.25,8520.81,829.58
35a79ed2-34b5-45df-89a5-e005dcf38263,RS,589.68,3259.03,7746.92,3074.53,986.35
814f2b20-a976-4b72-b476-e63015d3e4ee,ES,6048.57,8773.59,6192.37,131.41,18902.8
bcde55c4-2558-4265-9c57-ed20c4cb6311,RS,11169.93,5521.15,2531.8,3787.84,13278.66
160c3972-ac43-49fe-ae93-9349dcd54f7e,MT,9682.3,2972.85,5368.03,11058.11,1323.94
1da31916-e93e-44c5-8b4e-67bd28c7d41c,CE,4700.78,2244.13,4994.69,12065.18,2596.86
95f00287-2b61-4e9c-8ad1-aac713ccab01,AP,20173.87,2927.87,1896.0,2458.76,2740.17
5332616e-f025-424a-8fea-2f0625144743,MT,255.97,4504.08,4843.93,11483.22,1423.46
a1268d26-79b7-4f41-a537-8ef7d6deda2b,AC,502.82,1043.16,11494.56,5031.67,3037.85
9422c6aa-006b-42da-ae44-07577af5d056,PB,10199.1,1420.29,8079.38,6640.25,8324.67
d6fdcd27-93ba-4780-be21-c27cd5b6b218,CE,11618.7,11952.06,5553.23,7793.99,7153.63
aaf04665-4359-4e23-8f12-0ad214e29e7e,AL,4880.33,7215.39,4459.23,5106.54,1833.2
5b1be169-c9d9-4a88-8b52-ace3032f6dba,PE,131.87,1818.77,1824.65,6479.08,16247.63
22356384-a729-4180-821d-a07403dfaab4,MS,2868.9,723.8,2942.08,4814.64,3233.73
08d788e1-ddc7-4650-8313-9d3296118a87,PB,5645.43,12601.57,2936.22,719.41,2955.42
bad10966-2396-41c7-bd9a-69748b60f602,MA,8179.13,416.56,4577.68,5863.32,1775.93
1e2e1995-d52f-4c51-a392-bc87687adf2d,MA,108.47,6417.59,4778.65,9954.55,353.54
69a24916-09e5-468a-8c4b-0a6d31778ffc,MA,299.17,6558.08,2398.52,977.7,218.78
5e43dfad-45d1-4675-b6c3-a2495508038a,MT,3662.52,7433.26,7109.86,3995.07,3083.69
3182733f-5643-4d36-859e-4cba14ef8919,MT,1350.57,550.51,2264.01,328.75,1573.95
ed41fc4c-07ce-4460-ad31-4c0a66431220,DF,2255.33,2189.14,100.44,2876.44,253.39
b889bd85-9ab5-4fbe-8378-5c9824b9d325,ES,1463.47,7108.15,695.82,6360.61,1402.03
d8da1292-b6b9-4740-8e26-7360cc4355cb,PE,6862.6,581.15,9753.34,15249.96,1675.06
81b2e775-41a2-4cba-a2b8-446a5c44d65c,MA,1097.46,323.88,8773.24,2384.61,657.95
1f918556-b63b-48a3-bfc2-184dcd691cc0,PE,620.76,711.1,234.76,10766.9,4591.72
0e68422b-59b1-446b-8068-674c71a69f64,AP,1187.56,117.26,4679.63,416.6,6516.23
f362d9ad-b01c-4a47-8021-8036a83c6f49,AC,1033.83,1232.46,1325.04,1893.24,6404.1
64437d5c-b55d-4e6f-8840-da55eb7de2cb,PR,4323.53,1858.03,9433.11,911.55,1755.86
fde12c3f-2280-4905-b3a5-b7331fae19d6,MT,1621.59,1176.38,820.11,2242.14,3202.48
f0d792f5-aab6-482b-b1cb-6c67b4f2148f,AC,258.23,496.45,4768.98,3060.17,350.41
4902b64a-6f2e-478b-bdbf-7f612010a549,MT,1254.47,12055.32,200.36,2665.71,8470.64
0ae86625-9b33-4d46-aae2-76187c83e5f7,RJ,5687.34,7465.64,8240.59,12229.76,2914.22
e829660d-6ba7-4c38-944b-fce115395176,SE,3631.16,3298.34,4201.24,14039.83,127.22
827e8323-4f20-4f9c-86ac-8e1c0382549e,RO,2192.53,9999.41,2506.62,9008.47,6841.5
49f38fa3-8fb8-4acb-8cec-5f2248962f46,TO,2637.21,2093.55,6309.34,3795.06,7484.06
6ba25e57-4f2b-4656-9d12-a9dc14d75a16,MT,9590.89,8264.36,10921.55,4048.79,5500.75
aa9578b0-ef80-476a-a770-4bbb5f8de400,SP,9123.72,635.9,11750.0,7306.53,1873.82
27eaa846-eff1-4fcd-b066-19779b106779,SP,10867.73,9330.08,344.42,1300.06,3435.58
865d57fa-a0db-4eb3-a4f7-2af40dfa1615,AM,3108.95,1402.5,696.67,3749.11,3202.22
093aa907-d3c7-40d5-a178-4aceb1aa820f,SE,743.7,10968.66,221.38,9718.6,4974.06
7371943b-5069-4084-8c81-8be1cabc83fc,RR,10378.83,9975.73,7938.76,1681.46,5025.79
b99759cb-52a3-485f-a0bc-8bfab76896f4,AM,6059.85,1722.73,12684.47,9925.25,1812.34
0ea46247-905a-4bbe-b1a9-e966a4979685,BA,1499.41,39123.09,341.77,3560.86,1928.93
05a9eebf-a7cb-4568-936e-07c1dbc1d1bc,SC,6652.08,6813.42,21632.05,591.17,15198.71
ef8f86a4-7834-4f4b-b3be-460049e96308,PA,12286.18,2055.34,6335.8,4018.55,9838.63
25fe4892-cdf1-41dc-8846-a792c4335910,ES,6565.84,1760.55,1318.6,5821.69,16058.74
f5ee3728-5df2-4a59-b31b-e2e7085d2269,RR,2406.8,1890.36,319.72,6458.49,204.8
346edd77-33e7-4258-b4d2-44a9c5d7295a,RR,1414.87,2764.32,2556.48,1100.11,4496.46
7a6bd7c7-408b-43b8-9688-c1cebdcd05b7,AM,2306.46,5159.73,6797.29,11334.37,6932.73
f2578faa-8380-4f62-9ef5-af7fb3b74f12,SC,7196.66,169.81,12875.9,21399.61,2092.14
eb2c24ff-de7e-4d35-9112-3d91543b9e7a,AP,1946.22,960.37,3307.86,3037.37,8326.89
cc1f08ad-5933-48ed-90a5-84d56194cf63,PR,6039.76,7205.82,4411.07,3633.1,553.57
40615096-23f8-425c-9680-422668d667cb,TO,621.49,214.03,9325.13,16351.61,1524.7
d78de527-cf75-4ab1-9ad6-760610c44172,SC,6104.65,30808.62,6228.52,3468.81,4015.74
4d3cc5b9-ee28-40e9-9c5c-3e5aebdc00d3,RO,508.16,9804.07,7271.5,2045.95,1235.06
52b80f14-dc4a-4ecf-81cc-e27484cebefb,MA,2585.02,3731.7,3974.88,12958.7,1636.4
b14afaf5-d59b-4c9e-8cff-d5880276445e,MG,8069.32,3682.32,4936.99,5638.07,7379.26
6e0a89d8-4b47-450f-b65d-72403137f4a8,PI,6925.35,8281.37,4898.29,1063.06,915.2
3e965559-9099-4ae2-ae07-42c8b91213c6,RN,9873.08,13909.59,2691.56,979.75,7411.24
606c574f-00cf-4d65-841a-4ec73face6a0,SP,4341.64,2647.62,13854.86,6272.63,8930.19
a52aa5ba-2d9e-43ee-a395-611eb57c0ac9,TO,4791.66,6635.95,8543.93,12956.79,3337.34
ac9000ff-1575-46dd-b985-44fbe352060b,MA,12467.0,1322.5,2672.23,935.82,9015.64
0282b5dd-2a35-4f19-bb54-1327b9117a58,ES,6097.65,6256.84,9602.49,8259.19,4617.22
cd98fb18-bf9f-4374-82c0-c6f171e4c439,SP,895.23,4631.04,14035.09,3859.91,1885.04
45b295dc-6767-462f-a63a-accadd077b2e,PI,1145.4,293.09,5590.68,2480.7,332.4
dba8c612-4d88-4d5e-a09f-a61de75205f5,TO,9956.81,179.85,611.16,3390.15,4627.28
5fe7ca58-638f-4216-941a-9b56fa77563f,ES,466.13,11083.31,3434.65,3950.48,8558.31
026e4177-aa07-4a33-9585-6319bcddd5a2,MS,6182.44,12924.67,3745.48,118.57,1232.51
284c6427-25ff-4c1e-9aac-b1e31f9ead5a,SE,7807.2,6229.66,2402.89,11105.69,1821.41
8ab864c3-4e52-4954-99bd-e2a1f8c369ef,PR,6868.17,3385.46,3035.68,1259.08,3468.67
0b9a6471-ee3e-45ef-b880-1dc21371a2ee,PB,2904.91,1223.27,15343.33,2411.25,7555.8
c1b7af4e-fdc4-4bbe-8322-8e9fc0fa95e4,CE,8879.62,1994.4,10083.84,4149.07,385.94
967ee9f4-0647-468d-b540-08d072748ba3,ES,330.99,949.74,10324.01,514.48,2875.44
3075ef47-8b9d-4fa1-a1c5-47bad9e56690,RJ,1028.63,2283.2,9802.76,858.19,4075.56
2ebd872b-286e-48a4-8b8b-97c9c9edff5d,PI,22392.55,1375.02,5170.72,571.43,20264.57
94198207-e7e8-4c95-b335-2f73c0fc39ec,ES,2401.53,2606.51,2435.39,2320.32,5417.38
87b5e2e8-ec63-46d8-a02e-929b8f2b80af,AL,15167.6,3002.15,10345.7,12477.46,8019.92
82b6c71f-7f41-4d33-84a8-7510b990ce93,MA,1120.37,4586.57,2532.13,17071.82,3540.86
8ae42472-8c06-49bd-9498-58e38fc26f81,RO,14865.79,3180.51,2826.67,793.63,4035.55
55983c80-1d87-4b1d-b2cb-1e866bb27acf,GO,307.5,3135.96,6100.12,761.46,2511.52
eb0f5e7d-1077-477a-bc69-9f78950b174a,SP,423.52,10448.06,473.92,5227.41,3275.13
755dd031-72c2-4824-ba08-a3c279177062,PA,10359.84,6247.94,1637.62,3247.67,3114.28
ad6a06a0-37e2-4c2a-b060-88901319f882,SC,2530.9,4803.95,16723.48,4165.31,2046.07
8bb1398e-7ea3-48db-ad2a-efb88ad4bb7d,SC,125.21,5774.54,23189.52,2729.77,881.29
3af42ad3-5f17-4fe5-98b3-0a5077a6a549,TO,17033.54,350.05,10345.2,3013.8,1178.33
9dfc5701-1a73-4bf8-83b5-5c3501815f07,RO,220.28,243.98,9764.16,6279.27,202.87
250091cb-6137-46ff-a6eb-f66bfa6574cd,PR,995.65,1207.52,3920.68,3632.86,4226.23
014f595a-3a75-4da2-8823-74afee914afe,PA,3167.0,5524.66,10437.08,463.55,4044.87
0f3c3bc6-77ef-4116-8286-4cd83e023d3d,RJ,996.13,9836.78,5491.03,1715.98,5595.67
fe03ab69-5fd9-458b-aef9-1495d67508c0,RN,3254.32,1976.63,1691.73,14702.68,2146.35
ec988df4-5373-4671-a081-a3dfffa7961a,MT,10791.62,1005.14,1040.25,302.06,9163.32
be33eee3-392e-4481-97a8-4fb7598ac8ef,PB,3792.11,1710.94,1956.96,2066.63,3026.01
9fb78723-69d8-4991-a39e-c2583ce30ecd,GO,7096.88,6791.65,2933.6,5979.27,5137.22
6341fdf1-6971-4f6b-a045-0230495d2912,SE,3868.59,12272.15,12357.69,955.72,3173.85
774d4897-8e3a-4e8d-ac7d-f8f629fb9577,MT,8062.08,12837.46,6635.91,3876.51,8884.09
5f990f7f-8eae-48dd-b784-b136aa780a53,SC,2027.33,5269.36,9220.58,4052.22,2135.19
0e8d77c0-67f2-4889-99a6-e7f773778557,SP,2609.16,10691.53,12202.17,8768.17,12455.33
0856bdff-cdb3-4371-8a1a-0572e37763ae,SE,5683.95,1341.85,3679.54,17365.12,6445.69
103ce802-76b3-4bb2-93b5-39128de0fdfb,GO,1831.38,2039.97,351.9,427.76,5387.04
b236e45a-f05f-4986-865a-f52b97c1f67d,RR,352.83,8790.78,8401.04,2701.85,3600.08
f9ddea36-60a3-4901-8b9e-6f2767e578df,PB,4219.4,4033.39,1482.03,13018.68,5112.6
d65ce19c-15cf-4060-ad04-8bdc8fcc2931,SC,915.64,11561.61,4504.81,2900.04,3779.77
6251d573-ec83-486d-a435-11e154f20902,PE,11709.95,7115.89,3804.66,7829.21,5290.72
9190007e-f24b-4610-8f16-bd03bd77860f,AM,5936.59,3779.46,4435.95,20430.54,1216.03
d94b197c-271d-4e87-83b8-c92a712fd1c1,PE,1795.32,7712.17,368.24,1155.25,110.43
974f52be-eebe-4772-be3f-202fdd8516ee,AM,815.87,12437.24,3041.04,1615.72,4610.04
9e37c0a6-52ce-4935-b3d0-18b00e4bebca,SE,823.23,204.52,3230.71,16152.36,364.19
a33c0331-a8f1-42d2-a1ce-b949be694340,MS,2082.29,3362.36,8162.73,692.15,4699.54
de76ebde-38c4-4e2e-9d84-ca367ba3e130,SP,298.89,1447.96,16491.67,1247.54,819.22
adafec01-a4e7-4530-983c-18c487af67e1,PE,10508.9,2354.16,647.89,1234.21,7878.09
05f5ce3f-d48c-4d2e-bec4-742889e4cd4f,PE,12551.94,4609.68,7208.3,3754.51,6615.4
940ad807-c6ce-49f1-baed-8d1351b210ab,MT,9965.72,887.74,1495.17,226.36,502.89
6a9f1f6a-ffaa-4529-b10b-ea12f0284191,MT,1036.4,797.6,4244.23,511.22,7706.71
e6d46921-2a1a-4634-8de2-14d95941e7ef,AP,2163.98,12609.15,755.34,582.97,3454.7
7f36b362-cb0e-471f-bb0f-ca439e888c9f,RS,1682.73,7728.11,2768.6,1362.0,10427.53
ba35a7f7-4b2e-432a-b7d1-5cf3ebf965fa,AM,7120.26,700.69,1388.72,1551.72,5746.68
84656f14-1eab-43ce-9c80-332347d37723,BA,8783.54,8893.68,3972.54,6050.04,10382.8
c81e1a96-f348-4967-bf3c-39d0176cf94c,PE,10999.04,737.94,5378.28,873.38,6284.6
5b00c972-72f0-48c6-ac6d-376a6fde3c08,MG,764.37,2480.4,2599.64,4525.34,251.88
9b1848c6-7253-4d6a-a962-bc35469b4950,MA,6197.85,877.53,7979.77,2535.41,1919.25
cc9feafa-9c1e-4068-91b9-a42dc3ed6fda,PI,966.0,476.04,620.9,2905.48,2193.02
695070fd-aebb-47ad-a263-09730b5e1ad5,RO,165.29,3973.65,1643.72,11806.61,1237.74
0a67c2fa-4227-4dca-b271-0a9a30874754,SE,5393.98,3507.53,120.63,3715.89,1185.12
b9af6532-dbb6-44c0-a198-20f9580eec80,ES,2335.31,7788.78,357.76,3722.96,768.59
47e8a345-4ee3-4e59-bcff-722a6e440f4d,AP,3329.46,8654.21,22945.37,2897.17,2276.0
ec1dbe52-1fcd-4a16-b220-fa86c6377f52,MA,5542.11,1997.74,5717.22,905.82,1887.84
c3da7fd3-0f5a-47d0-9009-d3f3a5d4e3ee,RR,292.15,7434.45,7686.21,5496.45,3957.47
7a81d727-55cb-4026-a011-7c75ff9ec4c4,DF,21844.84,5009.31,5288.22,10370.96,7189.3
175d6af7-73ae-426d-b3cf-27e554d0b80c,RO,195.9,2522.64,13178.81,1126.87,7147.01
1a62e0b8-4487-493c-8226-b96b690d2bfe,MG,5429.92,9770.54,19198.81,2911.4,706.01
e07af1ea-f528-4b79-838d-74855d4b7012,PI,14625.7,6403.63,9296.43,4400.63,3579.11
d86b6eb6-15f7-4447-939e-06491963952e,AC,920.53,9950.54,662.31,1031.5,606.89
124e4f2d-1bc4-41ce-aff8-0eeab1e4ed49,ES,2688.13,989.43,187.96,371.04,2985.11
d2552175-2754-4217-ad1a-b70d3590300b,PA,499.52,4699.47,483.05,3536.22,2165.07
624032cb-1e3e-4d1d-8f1a-624a7fc2d9f5,PA,15205.65,6399.05,3485.36,1033.54,6275.97
c39c441e-fc2b-403b-a826-99a988b64728,AC,2919.65,1886.66,414.92,615.65,404.96
73e243e3-6e83-4883-8062-54cf8d8c6f91,GO,1224.49,3238.08,9782.75,587.36,17804.11
e2e6260e-a9b9-43a1-b3c3-7dabced0d7af,PR,23469.37,3677.81,1538.19,2381.38,1239.22
7aae58e3-28bd-490c-a3be-e03812890522,RO,569.1,9450.45,1438.55,5968.87,13615.3
5d9ee4c6-472e-47ef-ae2e-70f8beb8708e,RO,431.13,8891.67,4539.84,13449.02,4456.29
0da2885b-ccfa-4034-a8c4-fd6fd8870492,PE,502.51,1340.38,11592.65,421.25,11855.69
8d1fcc98-a78d-4cf3-b9ab-8385b0ca706d,MA,6702.9,5310.34,3363.81,2901.88,442.1
f8a424ed-7121-467c-821e-cf319382b720,DF,1539.54,3673.17,1780.22,14617.41,657.88
433ebf3f-0347-4cc8-b29a-8c386a1bf4e3,MA,8535.58,2332.2,3833.49,2103.22,2119.18
52556cd7-4451-4be1-8719-d2680ee2a8cc,RJ,2547.87,1461.03,5653.88,626.84,3442.12
e1467f4d-6bd0-487a-8d2b-b6cab59e5ab0,RR,14275.52,9663.46,933.07,14029.13,10133.27
2497dd9f-972a-4960-b9f5-7b5da80042c3,AC,8995.74,15604.08,3267.32,1445.43,4018.35
22c64d61-754a-401d-a078-d30e790b6408,RR,4381.23,28046.31,895.82,4993.04,1815.9
f062f391-4dd6-4bf4-87af-2c93ef873779,SC,3847.3,7248.62,1656.26,2933.61,1605.75
245f003d-067c-4748-809e-d13ba92b8c41,ES,3264.84,6356.11,4987.96,2219.56,7740.54
f5f1afaa-f2fd-49dd-8f8f-ad166e6f761d,MA,678.38,13847.68,15334.26,1517.95,2030.52
ff07d148-1da6-4592-ba92-90d64a4f8a09,AC,7976.59,8765.66,286.43,776.27,648.99
15b80c63-69f9-4ed0-90b9-b8666b94a5b7,RS,63.45,2301.56,755.2,5406.26,4085.21
bae115ff-2ffa-4ebd-ab00-63856176a21b,PI,3219.48,795.25,6481.76,10620.31,350.32
ec379c4f-5a0e-4089-8530-470634265658,RN,803.3,10851.97,4501.13,9363.11,1453.56
9e395bba-7f15-4983-9560-f2bb7eaa9b73,RN,232.35,1060.53,9143.22,1473.58,2869.11
5941ead4-d155-484d-bd2f-282e0cad40fd,RJ,2161.95,902.1,19277.57,5196.6,2387.2
c3049586-2e9f-4844-ae8f-c88869cb980a,AP,14394.79,14119.88,1058.68,3976.29,5747.67
b7f4d815-91c8-4f0b-bc2a-fc82ddaf1775,PA,2786.94,1899.23,1325.66,5281.88,879.69
f6971347-551b-4af5-96af-d65f3bd67ddd,PB,4618.9,760.56,9102.34,3699.02,3848.59
61bcc0c4-3ee0-42ba-af7a-e3aeee656144,MS,12543.46,21836.73,8456.88,2210.81,1655.28
035e5dd9-6aba-4d55-a93b-7ae99f9712ad,GO,309.22,4615.21,4356.3,1894.2,9844.34
d6340d6e-adab-405d-808d-5576d8917c89,BA,6314.27,10476.88,10543.52,5639.3,3845.5
c273ad1e-b027-4ff2-8fe3-2e8211af7aaa,AC,10266.36,1258.3,2169.76,395.56,628.51
92df4208-225c-4184-9e7c-9fc70beaa782,TO,1299.42,3928.16,2437.93,5304.21,2852.56
5321161b-ff11-4273-a5a6-4f95254d3b11,AP,3738.82,1276.71,2795.39,2975.69,6076.08
3fa3c454-0a37-4b05-8d7a-44d6810574d1,PA,8088.25,602.44,721.94,358.91,14459.27
756079ba-03fb-4585-9eda-5a80da037bf9,MG,2899.05,13127.76,4517.22,1033.96,6635.88
8fff4733-3651-458d-95f3-c5831bd2259d,AM,12884.78,109.83,1986.59,3453.19,430.16
10f6d523-acaa-4609-afba-5a274b93951a,AM,1192.22,3035.89,20426.18,4026.57,179.45
1bdf1ab3-90ba-4152-b1f5-1de0f23d513b,MT,3242.56,824.9,10815.02,6163.1,3008.92
60a6b24d-5fbd-47cd-a600-8dbf3300c94b,MA,12439.37,9878.48,2563.0,8954.96,7073.05
7a654b1d-46ca-41ec-8962-a5a724a9630e,SE,13255.2,329.22,8142.3,307.86,2473.42
c39c893e-6a55-4202-99e7-4a7a84836a60,SE,1283.37,6686.21,9399.36,6333.78,1012.91
fe73491b-d42f-4117-8224-a3af989d9d73,AL,3942.86,5301.37,2942.04,2973.08,7499.36
87de6971-22de-42df-8e98-cd28fd4ce7e0,ES,4766.94,2141.7,9179.01,1878.46,7233.31
7f7d5fcf-35cb-4d68-ad1d-336531e5cd2e,RN,881.24,4839.0,2056.38,10791.93,3848.89
8bf5c0fd-4012-4a27-afcc-19d811c0431a,AP,188.06,4139.35,3754.37,746.83,14358.53
a8633e4b-e940-4d63-ab91-69e91ee94fc2,TO,2178.5,2331.8,4009.95,1572.82,602.5
e07de41e-e981-4ac5-b60a-153376781c24,AC,6351.0,2108.96,4860.52,6714.84,1515.59
09fe996c-306d-4490-991c-8ec3a55f8c60,PR,2160.56,3503.21,1069.08,471.55,2210.33
aa3f7f1f-f50f-4156-840c-4a1143730abb,PR,1768.02,11835.29,2170.74,7699.96,5688.05
85ae66bd-489b-4a01-85e9-f73159ae107b,ES,10444.36,3101.59,785.94,862.39,5807.54
405ca467-2b64-452d-a7c6-fa2c5373d53a,TO,1784.4,4127.95,3552.37,3213.61,3498.77
d4d595f7-1372-4c26-aa8e-abc75ae0c58a,TO,4182.02,15948.76,1751.34,7258.18,10948.35
168822ba-f9c4-4c5c-8d88-69a543e96855,PR,3970.08,21794.34,3755.68,1463.77,3487.97
24da5d54-f97f-4045-bbad-ffdb63b03bc7,RR,3603.82,1581.9,2880.81,10859.9,3404.83
d59ee354-7b6f-4898-ab62-35370531803a,PA,2921.66,2647.99,1232.31,14523.55,3329.11
04d93173-8aba-4b5a-b7ee-4d4d7b6b60e0,PA,800.61,15798.55,2795.03,1113.82,1409.16
b47948fc-a4ac-4d29-96a4-fe5061ccb460,TO,1846.81,15645.51,2431.83,2892.8,3293.48
91e3160c-cc15-4d8c-9663-944a86b54ab7,AC,2107.53,194.81,2897.27,217.19,7915.33
46a6a637-5ca1-4a1c-963a-8799a6cd154b,BA,12.81,166.29,23480.07,1396.33,1545.49
865f463d-14b0-4574-998a-9e50c1ce2842,PE,1180.87,6722.7,962.36,5641.02,16180.01
d455fc47-f9c1-45c0-a9bd-779a0f953ebb,GO,3339.68,2876.23,3108.05,1914.75,6923.26
58a505e3-0e60-4744-9d18-8e19652f99e3,BA,762.74,3607.38,3373.59,4062.41,1477.79
c9cdf2c7-f38a-4a59-9075-37fac74447b8,DF,273.41,311.18,5029.38,7361.85,3217.62
0eadafa9-7b2e-4682-93d7-a28098cecee8,SC,1158.86,1609.25,2359.68,6156.66,23024.32
6348b0e6-acd2-4a2a-904f-f0703b7c31b8,RR,3497.84,2266.62,4188.46,20918.81,1142.96
b4e2c657-ebdc-4691-aeb5-72490d2e711d,BA,4274.39,5464.38,1417.75,6138.15,1467.01
4279510a-09b0-4007-84cc-e9c8f2c42525,GO,2578.4,15064.52,8112.36,9637.12,626.78
2503a6ea-81b8-4ac2-a6fa-10fef9518db3,BA,5234.87,7532.31,15156.21,643.15,8457.28
c3240a51-4237-4443-b8e3-5e815b70fc22,PI,6585.46,23216.7,829.88,2238.44,9636.8
4db05ada-f2a6-467e-be9f-ac1d6fafbc0d,MS,17856.75,1620.37,5969.85,4129.8,10835.54
45209cb1-3e6f-4d36-867b-79c9cad12535,SP,2094.24,3176.4,11186.9,12542.43,6228.27
92cb781b-009e-4f81-913a-032afe86e7f2,AC,2755.54,1968.87,3318.72,800.85,2968.39
f055409e-3709-46ae-a7d4-7acf2ee15979,MT,8784.42,3821.82,2897.49,7742.42,6428.12
87ab42e7-e4e8-4fd6-83c2-31c268fa8161,RO,7975.05,4151.77,5965.58,2627.22,8098.18
4f28844c-ad7a-4d93-a4c7-0c989288d36c,PI,2601.06,12315.42,12564.28,14038.57,2066.84
8429028d-2f5a-428c-ac9d-9ee38324c907,MT,462.6,13142.62,6185.22,449.12,1984.31
f72aac45-187e-4768-9c2d-e884fc581c19,AP,3469.47,2064.46,7930.47,4933.71,4545.36
43f08950-c546-4632-893a-5200b11922ee,CE,3475.39,4620.32,265.09,1094.24,2592.68
7ad81272-9a1a-4b23-b58d-28e179a22d70,RS,3084.96,5124.51,2154.84,3408.88,1137.92
3c873af5-6f8a-4afd-b034-fd5fd0c2d1d1,RN,7754.78,8384.38,1574.92,4550.32,3427.86
b8ce7739-0edd-4fbf-b8f0-f94b41ac010c,PE,3913.14,6985.22,3399.06,10475.17,2346.34
3e8a4ff9-685a-4206-9189-2c62ff7a23e0,BA,2511.37,3223.28,5748.58,312.25,3236.7
9dcad60d-7a06-4dc0-90b8-a312a6310eb9,PB,667.74,3764.14,1954.74,3635.86,6445.28
d0213b0b-92d3-442f-8abd-0e1b0fdbf3d3,GO,18338.38,27978.38,6753.95,614.4,18723.27
37452863-6e95-4bfe-8551-53628ed24112,RR,1779.23,6307.61,3555.01,113.74,645.43
680e8c6d-3c91-4c19-a409-08e67f263b83,DF,15943.47,3838.11,1379.2,6583.94,2091.23
9396890d-d0ef-456c-9760-7b155830011a,CE,1412.02,1576.59,11503.91,6239.24,3688.85
2cabce70-af33-4d79-b2c7-f0e4b72bb9c0,PE,3618.16,3383.08,928.61,3608.64,14600.58
34b46c83-1a0a-4d9f-bbb2-b9c321499c85,AC,10753.57,261.46,235.1,2054.4,578.95
0b48cb45-4cbc-430e-acb9-792e3772265b,PR,8553.42,641.82,5470.93,153.39,1666.03
40720fd2-5265-4475-9e88-3c3e2c7a336b,CE,5890.3,3499.46,2432.76,1388.29,8568.2
0c36e2fb-58eb-428d-9a33-3030dc0b30cd,RJ,12238.96,6400.73,10072.16,4425.98,1735.86
b48649aa-ccc3-475a-a0d2-5e554d4316e2,RJ,6849.56,2863.6,6129.14,15682.89,1000.42
a5f8452c-bef9-4d1c-bd67-11c0c49f2615,MS,5003.62,1877.52,3446.37,5718.93,3003.72
32682286-5464-46eb-850e-8e66e902b330,RO,4215.9,4928.65,1578.36,1684.3,724.44
28af3d1d-800d-4492-bf0d-e6ed6db6f42b,PE,7686.92,2381.56,2777.01,3702.33,18207.82
7ede133e-39ac-4c06-9802-68ab30038f62,RO,21827.26,5875.42,13608.8,7304.16,1397.86
491c5775-59a6-464b-88e1-437f0fec8245,RO,177.45,7230.84,2681.87,10962.97,627.95
29bad014-3c71-4371-ac82-28760b918cd4,SP,3402.75,1078.89,415.47,8214.85,1745.31
39eddd4a-80e7-4fec-a5b4-c048bac143b1,AP,2470.11,12524.41,3397.52,7168.63,699.82
6b0840e7-aa92-4fa3-9e9b-58c7c85a26b6,MS,1067.51,1699.3,9765.42,2208.71,645.12
f78fd7e8-41b5-4c02-91ea-480e41fecf59,ES,16560.6,1906.5,2020.69,8841.95,1674.94
a515d7a6-5fbc-4eca-89de-8fb240617285,MS,19627.88,4618.39,1484.21,8123.96,6739.91
85475ff4-d41e-402c-a5b4-eed0d2963606,PE,1377.59,1498.53,15989.21,4711.97,4422.56
4c2a9c0a-e195-4476-90ca-3dceb033fc07,RS,1151.72,1118.67,1247.51,7485.25,819.42
741697ab-25af-4163-bfab-6979bea860c1,MG,12587.88,14004.67,6122.96,936.19,4960.29
8f48ae14-a19c-429a-b0ba-49a2d572ab3a,CE,1762.76,3171.08,2099.03,6407.97,5758.22
b410ef93-dcea-496d-9387-296ffea3ffce,MA,4318.58,165.18,715.12,391.48,308.09
a379da06-ef6e-4601-a881-c0b0d5048e1f,RR,6351.44,4304.71,8796.57,10624.28,4466.46
5182fc67-bb1a-4000-95fe-060303dbdbb9,PR,1878.67,1743.02,4261.02,1805.68,2377.44
10e5d1fa-48c0-4dc6-9f21-afb766e832d9,CE,9234.43,5072.66,10125.15,6746.55,460.08
bea8840e-ba62-4178-8f78-047f45e1ed9d,RR,2907.87,4191.25,12872.68,5034.22,8866.05
472f1901-a3af-4b5f-8ea1-2e1fa700d961,RS,3387.24,1048.66,2044.55,1302.83,324.52
4942de14-4eba-41a1-a672-b83408f6db80,AC,14102.1,841.82,3279.6,7002.91,4869.7
7c69553a-b3d4-4656-b7aa-d9a3ab34c157,AM,1757.96,9223.35,2810.39,676.88,1958.9
e3d4cc98-b5b1-48b2-9693-b821447b85e4,TO,4609.12,1945.61,203.14,6889.82,10094.21
be7dd726-f235-42d1-9e4f-164ac3a1ef7a,MG,5072.46,2964.28,13162.04,1440.65,425.16
d32ee861-63d3-4328-b281-a61bac7b032f,MG,3456.23,1143.85,5169.9,14200.52,3275.2
bccc9d2a-2acf-4695-a38d-85f5a7e123ba,SC,2043.51,3044.23,7848.0,14422.99,7567.07
c6c4b8de-5a09-469e-abdb-d2cedf1adbec,ES,4545.77,14672.36,8816.97,9048.13,2021.13
bdbdf2a3-16e4-47bf-9ae8-21bc88781f00,MG,2621.06,574.19,12628.93,2510.51,9608.63
88a997f6-2d1b-476e-bdf8-8645fca185c6,PA,946.7,7674.89,1319.03,1097.74,3424.88
fac592a1-ebd2-40e3-90b6-8f99e783a3ca,PB,11447.57,10374.88,1427.16,3267.97,231.29
6f4e30d9-43da-4fe1-aa26-d100437ea84d,RN,1254.34,3273.13,236.65,1638.24,4791.08
a7349584-58ab-4370-928d-ca2f56dfd0b1,PI,92.4,5537.56,730.49,8165.6,10334.8
e8046f6d-538b-43d1-aab3-3742faa05dba,MG,3593.75,16296.16,6492.55,6481.28,3833.01
5a9ebb45-0600-47d0-86c8-fd9696ff94bf,PB,995.0,6363.44,539.69,8353.43,13609.3
3cb0ef08-902d-4a91-b551-9637e2626d49,GO,3834.81,908.17,119.14,3686.76,5544.82
4613aa42-ea80-4609-8d71-c21f542f034b,AC,793.05,8031.05,5763.62,881.71,445.62
31fcb469-ee1a-4981-b189-08d0eb36a449,ES,13919.88,12662.45,5242.31,7574.07,1629.68
2133abf0-cf0e-44f1-abba-b6ecf2b7d3b9,TO,2578.86,4157.33,2386.38,4022.5,20485.45
efcf8eaf-1a63-4b90-9e86-14979168b165,BA,24366.3,10590.31,1070.22,887.15,13580.68
d2724142-acd0-435c-9255-8231e7d5f652,CE,6007.73,1783.01,2989.96,1996.73,2799.4
7fec91dd-c284-4001-8ba9-2de7e9ca6331,MT,1670.31,24643.52,31793.88,10016.95,5884.0
94160d07-be11-4b13-aa3b-786660aa822b,MA,4818.86,13671.04,16523.92,9694.32,5632.82
a7e0aa3f-94f4-402b-8aad-04315c68e08a,RR,1649.88,1360.69,1787.57,4411.86,5505.95
8c88637f-f964-43eb-af99-56e926dfa759,AP,7431.09,9402.44,3028.17,3703.95,4173.94
e4802863-ad1e-4144-a0ac-560d30b12f22,ES,4488.21,6056.57,4386.33,5649.18,1321.31
5de6f38b-4bf0-460a-8a41-00e51d7b900a,AC,2246.16,4886.18,7243.41,5512.69,8558.05
8e3fad22-e276-40cd-b2a8-c303fc75aa6b,PA,1069.02,13045.47,3617.45,3153.09,8028.59
3235a847-3694-4ecb-bc5a-96f388c9d4c5,RN,3092.4,8037.8,3282.77,6844.33,1047.42
a05915d5-f288-48eb-adb5-6d8d1d30b377,RS,712.85,5679.86,6903.2,1272.22,2022.15
f99178a6-1bba-4a7e-8d3d-b30ff4fa4493,RN,668.0,1667.28,2587.25,633.52,4246.37
a05716bb-0836-468d-b074-728bc14b40b5,AP,2191.67,3304.93,2304.28,4896.85,5430.63
79605b5b-421f-47b4-ba3b-5ea75dff6a47,DF,6578.98,6394.56,9941.19,2489.49,9643.99
5c280555-2afd-44c6-993f-a288b0122d5b,SP,5465.58,8442.62,1265.27,5570.39,3845.35
77c470ab-0cf4-405f-af76-28f30e1962ab,SE,3450.9,1043.6,206.61,4658.88,2679.81
40a01f3f-2211-4462-846f-61cf9998b1b6,MT,162.99,5250.32,178.5,206.45,1026.21
9e98d613-a286-4abd-bb38-46b66ee014f9,MT,2379.82,12164.35,5128.98,831.28,312.81
59cf4b4b-40a0-4211-9baf-9df9053b394b,ES,4766.28,6651.94,15666.8,12962.78,1396.13
754f741f-c501-4c5b-b976-3b91eedecc97,SP,5492.64,1387.94,7871.65,2750.86,18068.91
17bf1d24-5d5e-41d6-951c-a828d257a56b,RR,4371.82,878.86,2661.89,3291.23,646.98
3461ffbe-92df-4635-b9f0-aa6544e8dd40,CE,8005.19,884.69,134.98,7067.85,7206.08
3212bab4-b7aa-4f7d-b747-24df3f498d9e,CE,4800.89,2790.94,5540.19,2527.27,4994.44
2230bdd1-491e-4995-81a9-fcb6dbcf074c,CE,9619.19,1593.39,8107.35,3212.66,3122.8
71977ad8-dbc0-4fda-aab0-fc107e05e249,AM,10531.75,3677.2,511.03,3150.39,1159.92
caa1a420-01d8-441e-a4c6-68d67706f8b2,PR,2128.21,3517.14,1485.21,5922.01,1843.83
6a15c78e-3ac5-49e2-8192-db4e442bced1,BA,5971.1,1110.88,4390.26,7026.25,1302.13
b5cb1529-6328-4883-9929-9db8bc1999ef,MS,1561.74,7288.8,647.26,1978.2,7616.61
b74bad3e-c613-4a12-bfed-f8b1fd6566b9,RN,5879.28,2744.31,7871.3,2453.53,5658.12
97199311-a14b-4044-9f91-8a8559c3c3fc,GO,4052.96,838.85,12331.85,8840.02,3244.3
d40e6afe-ec9c-49e2-b70e-9f225a1c4dbe,DF,9742.14,10161.4,4162.45,4240.08,1784.16
b44b3118-31ca-4148-a473-1e520bf450b8,GO,9616.34,792.48,515.13,4361.75,739.35
e74212fc-4fe0-4da4-8bbf-36ac04657522,GO,5903.63,6131.41,20938.2,13264.93,6467.15
b90b3a69-a292-412c-b550-c40850d6da6a,RS,11052.75,1517.33,5803.59,204.84,3786.17
dae39666-99f5-4d52-b546-d4363c580640,DF,446.55,19212.1,3433.51,2007.58,3330.41
b556db02-3c0f-41e1-8074-ca9f168179f2,SC,3122.91,1421.49,2837.84,6033.54,7654.2
a282d613-63bd-40dd-8169-8920915cffac,RJ,2868.47,3490.68,3353.77,1896.38,5060.35
6feac5ce-5dd5-4ff6-aa17-28dbf626fc5d,ES,4476.36,9391.26,8372.52,1470.04,6314.69
14053b5c-097c-4750-b1f3-17296ed19a20,GO,7852.55,1878.07,4301.65,9425.57,3363.89
3dfe6e48-3edc-43e7-909c-aa4331cee752,TO,1085.46,5652.03,17031.38,1404.67,1978.61
04a8c53a-eee4-423c-bc1d-d61b12aeaf53,SP,3716.64,6261.79,1929.0,11324.58,1767.02
d70f63aa-711d-4899-a353-84310d943cf6,MA,2698.56,8042.09,1342.19,3145.91,5038.26
8bcb93e0-a8cd-4067-8468-3dd3b2d40868,MT,2647.12,4390.18,2145.25,1830.79,2456.45
9c6475b2-2a62-425d-8d8e-3ecb617b0d8c,TO,6517.32,3459.63,7560.09,410.91,8507.84
049af68a-c7b7-4b5b-8b5b-d6c4c26c2c92,AP,7929.59,1261.53,2572.28,11009.99,7747.51
df4b6b23-8f59-41cb-a896-60855fa3cc19,BA,6679.34,4478.57,7212.94,1689.53,4045.04
747d3849-eb5f-44aa-80de-a054b4976a2d,PR,990.41,4614.91,13381.67,2163.51,5220.35
2faff01b-9beb-43ca-a5d4-c8bb60fd6d23,PR,3039.46,1827.19,6553.79,977.27,1179.3
ca191781-473b-4bb0-be19-b9828ab53152,DF,3099.52,27417.95,410.4,2185.77,633.34
657793a2-2ccb-485d-b05a-ea705689e4c4,RN,4342.09,4299.28,4899.39,4048.21,136.42
3c88320b-e9bb-43f2-a985-f5a21022d18d,ES,3867.97,1838.55,13589.43,6809.59,7429.58
bb34a751-da25-4069-80bb-86a22e2f3fcb,MT,1459.35,3712.43,14932.17,7620.81,4471.75
d0097b0a-4b3b-4af1-93f0-5e90a173abfc,PA,11428.39,1263.75,6876.37,9947.73,3000.88
54edcabb-04b3-4268-a26d-f0e44f1cded6,PA,18142.88,6648.43,5293.76,1994.43,9776.43
07f51bbb-bfb1-4fe9-adc4-4456ffe919f2,RS,1760.2,5281.79,2128.99,1383.52,1100.89
b3a2decd-86ad-4dcf-9c5b-b27d89da2cbb,RS,4910.51,1480.46,2110.72,282.73,1244.56
20110a63-7eae-40f5-b5a2-6e8221eb8016,MT,8707.84,2912.25,710.7,4703.63,727.73
a2d9041f-db2c-4644-9cf2-a81045ae21bd,GO,2016.21,5302.54,13256.9,524.95,8988.66
d123e807-9f25-4865-bb2d-22590b0bcb8d,AP,2562.78,573.13,2602.93,356.18,868.54
de627499-81a4-4731-9c4d-6ef0b00e12dd,BA,3464.8,9356.16,15392.35,7146.67,439.02
676cd653-8905-4e0e-b7fa-bc3e9352ebdd,AL,13758.62,290.06,1108.14,1489.33,7023.56
cb533cb9-2ed5-46f8-a81f-45c81761baac,SC,7796.68,4461.98,2039.89,14562.56,10081.26
ec2f48a9-32f5-453f-8a24-305146137193,RO,3797.5,3845.33,335.13,10536.46,4404.56
01af9e7e-22b9-44ea-8c23-cda055d17857,MA,8804.35,4917.39,5224.99,1582.01,5342.32
bff32cb8-8b17-4d1f-acd3-a347cf1e46bf,RR,3404.89,134.54,4001.18,2431.17,981.71
144be3d5-2aae-4230-ba36-68bf70c094b0,SP,2067.29,2255.63,1229.27,1115.67,4460.74
41b65706-6611-4152-930e-634f71d02252,GO,3406.04,6153.0,1027.45,11430.3,4950.41
c6d3a281-6a8a-485a-9cb4-344d17e899f1,RR,7337.52,7067.54,3068.05,1577.61,2496.04
76063752-94f2-4013-b91e-f03f3b26b2a5,MT,7228.73,2146.96,1997.19,200.25,5091.35
a8157b13-a238-407a-ac02-244fb8a7c8c5,RR,5351.77,1942.49,392.03,11250.96,1727.68
3f451b84-e3a6-4916-9119-58872c50f6a9,GO,1944.55,1945.54,3602.37,1410.5,4776.01
c30843ed-9172-4d50-b3ea-0543538b814c,AL,2241.24,2985.07,6673.28,16670.7,5328.37
220f96fd-cb5b-4aaa-9688-5de497d71112,MA,900.08,852.45,2735.98,6530.44,810.08
eb6079ad-1b34-43a9-91ea-e4ce141409eb,TO,7693.74,7992.81,1648.88,1765.96,1316.54
ad2a1ef9-b1c0-41ee-bb2f-9126bf2a3491,TO,8324.96,149.17,7105.33,5437.39,1987.89
abcda921-79fe-4068-aa7e-1baa831ca7ab,AM,12263.59,3318.37,792.22,3037.23,11289.47
ab2bfa57-9cea-4465-a261-a2cd0f6b6b6d,AM,11936.64,708.89,742.94,9789.83,521.03
d0cf3988-5655-4e0e-a035-3fd3654d7cf7,DF,7488.87,4957.01,1255.98,6432.29,2532.39
b2218ef0-beb7-4772-ba60-478bb45c9ebf,PB,3964.14,10574.09,9198.46,3297.77,1507.69
3c8eb1d4-1511-4294-b481-fcc5e55b3cc1,GO,1156.48,6697.82,8952.76,5713.88,5216.28
9f8290d1-a041-43eb-833b-ce517b792e83,PR,944.67,860.72,19788.12,1581.27,15079.5
d07f0edc-9d57-4e43-b91d-d314aed622ce,TO,225.51,823.5,5124.18,5811.75,3707.01
0632b354-2959-4cfc-8ca6-6981eb94a09b,PI,9821.07,6003.3,635.37,1125.05,3813.78
002a632a-06a3-4efc-9151-55e3ea5c48de,RJ,12284.34,6249.41,6813.88,18855.96,12539.39
c97cc889-0327-426c-a4f7-406f2d71cdc9,PE,29766.17,9268.06,3881.3,487.79,1068.5
dab8f204-2c8b-4d08-bb77-a7d539efa3c0,PI,112.55,2317.45,3430.22,5127.28,6114.41
de1739bc-bdda-4f0f-8819-297c9a9c44d5,RJ,2033.78,7503.64,7982.69,5930.4,1961.2
884a0103-97dd-4b70-be84-3fda18108133,TO,4629.48,5504.84,2965.3,2245.8,2029.6
68c28247-b43e-44d4-ac0e-4af037c99499,PI,11985.11,13371.08,888.86,10670.9,2100.97
b8e47008-3a46-4a01-b3b3-50fa431f32db,MA,1648.16,821.37,1152.78,5874.48,2382.96
17079e23-3c86-4780-a9e6-8ba41311bcce,RS,1787.28,7092.86,689.55,16160.24,9416.51
25d2e8b5-22df-4a6d-b2d3-f095ceeb92aa,AL,1279.44,3534.76,3736.08,4186.94,3561.32
8d38a20a-b4b0-4585-9012-6cc9cdce356f,AP,298.46,10112.71,5338.2,2254.72,4648.17
045eb848-6c48-434d-89a8-d69969ff3c9e,MA,9659.25,8146.81,11055.8,920.39,310.84
5d933e70-569f-4425-b6b8-3b0305de1e96,MG,2018.83,4831.08,379.21,1144.97,1958.1
623dcc93-da22-4924-8ff0-366c2777a833,AM,15459.63,1502.88,6019.74,4030.88,10244.05
e348aa7e-b89f-4011-8022-f5239e45aa21,AM,4369.5,2451.98,2267.59,3846.24,4751.83
df26cceb-fb18-4f3a-ac24-6567630f4abd,PA,8.33,3642.75,3533.34,3084.0,517.51
d5561400-6754-46ae-8686-96a441ecf72b,MT,1562.3,7443.92,7410.32,4824.37,15171.84
c8b9609c-3a21-4a07-b28a-586363aebd99,BA,2384.62,878.95,4606.3,6615.1,104.36
8c0797d7-c18a-45ae-b352-d736581360ed,GO,186.08,14915.89,1126.51,226.76,6220.91
88ec0426-2643-4c8e-b82b-83940724dd43,MT,11375.12,9617.01,4321.46,6165.52,9211.49
2082f4cd-5530-4b38-85be-85a64954f30c,SP,2005.25,897.91,1424.62,12080.31,4194.18
f3496a79-11b9-4693-b8da-6718ce4cdc99,ES,1552.16,5370.05,2789.01,3012.17,9582.33
fefe0eac-02f9-410f-afea-7621adc3c041,CE,3102.18,2723.65,4054.11,459.14,2203.01
ec1c6cf6-744e-4a25-a384-6b2bb1e5f1c1,RN,15484.9,362.26,1240.16,4986.8,11919.28
75e91177-c6c0-4ed9-82aa-411f141f3ebc,RO,22777.72,3885.19,7660.69,9125.52,5089.99
3ceeb822-8bc0-4a16-8f33-d2ae9dbb3299,RN,382.64,1200.29,1742.88,4737.82,1954.11
87da5c5f-f09f-4111-abaf-c9562dccb789,PE,4233.79,1900.71,8242.12,4037.55,2883.83
9f147c1a-3aae-46e4-a125-c0c3dc0c7f2f,PR,10103.91,2077.62,4804.82,5286.57,653.03
42bbb2d5-2607-4bb5-b2bf-ed97949b79a1,AC,5291.3,5849.84,4663.2,2055.56,1817.94
53f3af11-2e10-4543-8085-50927c467055,SC,13574.9,6932.57,952.45,17726.87,1302.96
a16ac01f-e9ff-4601-8597-fa092342b105,MS,3224.57,10081.6,1311.77,3377.61,2628.83
0d4efe5d-230e-4b63-9774-117a16838614,MS,878.7,2538.86,7785.34,8475.19,2769.47
a92a641c-d22f-4c93-b2cd-2ae7d5ca6c3c,GO,3443.17,6795.31,1917.81,1020.75,1874.52
9d944a4e-04a9-4197-9c18-b4fecf2e66d3,RJ,509.83,2260.33,4503.43,491.96,1235.96
fb887285-e842-4fc7-87ca-b6dcfdc73854,PR,5514.59,2216.73,2574.91,611.63,1799.83
8d15b298-a01c-4e4a-b05d-d7e94253fadd,GO,9703.42,12676.7,6438.2,3195.0,9907.53
a72e62e7-e7de-434b-92e7-d45eb499d249,AL,3116.87,1783.99,3866.7,1494.9,10729.38
742e80a3-a251-4390-92da-b0ef6eb35612,SP,8774.47,14012.21,10210.73,3519.49,4798.32
dacb5ab6-5b74-4906-b3e2-b3006f0e3e92,AL,305.85,17794.11,7613.12,9284.95,7431.12
884fa06a-bd82-4e3c-bb0d-8a283cb00754,RR,677.4,5237.66,366.19,2375.6,1104.71
ffa802c5-c91b-49c1-bfa2-c78d526dd6bd,PA,963.71,891.36,7606.66,3836.74,6541.2
3d045479-ed32-4973-876a-4d2d55ea9b2b,MT,10610.44,7052.49,14725.62,3213.87,5521.51
f04b3be1-9ee8-47df-b929-3d4bc1b6d272,RJ,2501.85,8915.84,4877.85,1498.63,3077.32
a76050d0-aff2-481a-a09d-467ad0426f20,RN,5477.08,10034.07,14086.69,6363.09,10392.03
f6f823b7-c93b-4d79-b96a-042a3d7ed712,PA,6602.95,510.26,3368.11,1166.33,2950.64
ae5239d7-3d1a-48dc-a602-657c0f756056,RJ,6726.98,7351.65,4106.87,18024.57,3987.01
282a0bef-022b-4bbb-9b36-10c4d9cb3071,RO,83.61,6873.83,4560.15,13143.81,1049.14
f0dec463-726f-4fca-961e-000a609adc41,RR,2483.01,192.53,4923.2,6812.56,1485.06
793d0b6d-01da-48fb-835a-69f5ff5234e6,TO,1710.41,4115.87,3763.81,18614.45,19613.51
f7fdeb94-46e1-4f6a-9502-cbce55184aed,AP,11916.81,12834.78,13712.88,937.54,9095.6
bf87c3f3-1a83-4fe1-8e86-da393a64e442,MT,7567.44,5284.87,4666.56,504.29,2249.35
ae823644-1a06-4a27-8483-bcfd910e8667,CE,24402.62,1847.35,10539.35,8863.26,1380.4
5035e2ca-447a-4cac-bce3-e17b749845e3,RN,8321.18,4529.99,4776.67,9191.73,2384.27
851686e4-be2b-457e-b5d2-19807460323e,ES,19850.44,7742.25,466.62,4969.45,8905.68
cccd96fc-e493-4369-9009-40fa604eafcf,PB,3436.23,7208.73,10269.04,1599.57,5747.96
63959771-16fb-4a1c-a3b7-cb49569d7908,RR,1427.31,2714.91,11032.08,2740.4,2364.79
b6c63121-e18e-4525-9cd6-23b82ca2c850,SC,7244.88,9456.5,18408.83,2157.91,5438.07
35a4cf6c-be71-4724-b1af-0f8620cf6526,MG,1158.59,9251.97,7789.35,18597.52,4869.24
551ac3ef-cdf4-40c6-9ee5-457ef6ecc74b,MS,4068.13,4217.74,998.04,1381.19,1168.4
29eef105-4231-424c-a3bf-f7376989c135,AM,1668.86,235.49,12797.13,5252.53,8813.34
602b34a5-37b9-4574-936e-65dd9514f236,TO,3922.59,7828.48,10981.14,6883.9,4732.52
ea5e33b1-89b8-4ce3-861a-7d4a02d48a79,DF,58.18,3452.73,3951.79,1612.17,3544.28
d99343d7-0c03-4530-9a59-9ac0fda9c480,RS,11639.94,1239.25,2857.42,1157.03,1358.26
921a9407-4848-4fe9-a037-6c4fc931ce1c,MT,10517.91,3847.62,154.9,8251.08,2333.74
ebef0215-a582-41b1-b922-afdba4817ad6,DF,2861.44,5019.71,1961.91,3596.95,11764.76
9a6e2a39-7d63-4abb-8e9a-382defa88aea,PA,10060.69,20208.06,1075.09,2652.84,2334.39
f80bc3a4-de64-4ae0-b5bb-f34e2eb5adac,BA,7601.78,2084.56,13402.78,2081.23,9281.43
bd806c00-28f2-4604-ba17-90e61060a58d,RN,693.33,18127.95,10551.28,3613.24,12063.44
384c11e5-213a-4499-b1a7-2a746909f867,PE,2356.7,625.72,8422.8,3311.61,1507.54
9ebeeb5a-632b-4caf-a9d1-246c59f83a2a,MA,230.55,3891.82,7898.11,1747.96,2542.94
05926e6b-2e22-4ccc-b11e-df04cd8f8db7,DF,1596.02,3199.4,2390.08,4795.71,8573.98
33eb2d0c-d208-4c6c-b138-b28acc11a7a9,AP,3177.34,7244.88,7820.95,6151.74,2403.14
029a4e07-d233-4f86-bc31-1e2d66f75369,PR,6527.24,633.08,1261.33,11687.1,7073.14
282b1994-d6f0-431e-954a-d9b98a8c68bf,RJ,5635.73,2306.38,9096.37,1192.6,2907.38
8b2050e6-edef-42ea-b7e9-619eec686e68,PB,5193.26,501.51,681.98,8729.98,6481.51
